Workbook
Name _1L: 'Data Validation'!$C$751
Name _1P: 'Data Validation'!$C$749
Name _2L: 'Data Validation'!$C$752
Name _2P: 'Data Validation'!$C$750
Name _2PL: Breakdown!$BM$12:$BM$1170
Name _Prf1: 'Data Validation'!$D$1087
Name _pxl: Breakdown!$BN$12:$BN$1170
Name _ram1: 'Data Validation'!$D$1181
Name _ram2: 'Data Validation'!$D$1182
Name _rel1: 'Data Validation'!$C$885
Name _rel10: 'Data Validation'!$C$894
Name _rel11: 'Data Validation'!$C$895
Name _rel12: 'Data Validation'!$C$896
Name _rel13: 'Data Validation'!$C$897
Name _rel14: 'Data Validation'!$C$898
Name _rel2: 'Data Validation'!$C$886
Name _rel3: 'Data Validation'!$C$887
Name _rel4: 'Data Validation'!$C$888
Name _rel5: 'Data Validation'!$C$889
Name _rel6: 'Data Validation'!$C$890
Name _rel7: 'Data Validation'!$C$891
Name _rel8: 'Data Validation'!$C$892
Name _rel9: 'Data Validation'!$C$893
Name acrylic_mled: stock!$D$623
Name amfcptr: 'Data Validation'!$D$1188
Name amhcptr: 'Data Validation'!$D$1186
Name amhcptrFlap: 'Data Validation'!$D$1187
Name amled9: 'Data Validation'!$D$1183
Name amwrd: 'Data Validation'!$D$1184
Name amwrddlm: 'Data Validation'!$D$1185
Name anodize: 'Data Validation'!$C$902:$C$909
Name anodizeh: Breakdown!$AR$12:$AR$1170
Name anodizev: Breakdown!$AP$12:$AP$1170
Name anodizev2: Breakdown!$AQ$12:$AQ$1170
Name AR_20: stock!$D$1354:$D$1358
Name ar_52: stock!$D$1395
Name avantech: stock!$D$449:$D$458
Name avantech_dasar: 'Data Validation'!$D$1165
Name avantech_palang: 'Data Validation'!$D$1164
Name aventos: stock!$D$525:$D$530
Name bahan1: 'Data Validation'!$C$386
Name bahan2: 'Data Validation'!$C$387
Name bahan3: 'Data Validation'!$C$388
Name bahan4: 'Data Validation'!$C$389
Name bahan5: 'Data Validation'!$C$390
Name bahan6: 'Data Validation'!$C$391
Name bahan7: 'Data Validation'!$C$392
Name bahan8: 'Data Validation'!$C$393
Name ball_bearing: stock!$D$433:$D$438
Name BARANG: stock!$D$4:$D$2304
Name braket_hc: stock!$D$642
Name breakdown: Breakdown!$A$11:$CF$1170
Name camar_807: stock!$D$640
Name cekbox: stock!$B$2320:$B$2323
Name centrallock_samping: stock!$D$586
Name Cermin: stock!$D$2716:$D$2739
Name cfr: 'Data Validation'!$A$826:$A$841
Name CL_02: stock!$D$1293:$D$1297
Name Cov_plinth_dalam: stock!$D$1105:$D$1118
Name Cov_plinth_luar: stock!$D$1090:$D$1104

Sheet stock
A1: KEBUTUHAN MATERIAL
A3: NO | B3: KATEGORI | C3: ID BARANG | D3: NAMA BARANG | E3: JML | F3: SATUAN | G3: KETERANGAN | I3: Ket
A5: 3 | B5: Ply lantrex Polos | C5: 101079 | D5: Ply LANTREX 3 mm polos untuk pintu | F5: Lbr | G5: Anti Rayap
A6: 6 | B6: Ply lantrex Polos | C6: 101080 | D6: Ply LANTREX 6 mm polos untuk pintu | F6: Lbr | G6: Anti Rayap
A7: 6 | B7: Ply lantrex Polos | C7: 101081 | D7: Ply LANTREX 6 mm polos untuk box | F7: Lbr | G7: Anti Rayap
A8: 6 | B8: Ply lantrex Polos | C8: 101082 | D8: Ply LANTREX 6 mm polos untuk kelengkapan | F8: Lbr | G8: Anti Rayap
A9: 9 | B9: Ply lantrex Polos | C9: 101083 | D9: Ply LANTREX 9 mm polos untuk pintu | F9: Lbr | G9: Anti Rayap
A10: 9 | B10: Ply lantrex Polos | C10: 101084 | D10: Ply LANTREX 9 mm polos untuk box | F10: Lbr | G10: Anti Rayap
A11: 9 | B11: Ply lantrex Polos | C11: 101085 | D11: Ply LANTREX 9 mm polos untuk kelengkapan | F11: Lbr | G11: Anti Rayap
A12: 12 | B12: Ply lantrex Polos | C12: 101086 | D12: Ply LANTREX 12 mm polos untuk pintu | F12: Lbr | G12: Anti Rayap
A13: 12 | B13: Ply lantrex Polos | C13: 101087 | D13: Ply LANTREX 12 mm polos untuk kelengkapan | F13: Lbr | G13: Anti Rayap
A14: 13 | B14: Ply lantrex Polos | C14: 101088 | D14: Ply LANTREX 13 mm polos untuk pintu | F14: Lbr | G14: Anti Rayap
A15: 14.5 | B15: Ply lantrex Polos | C15: 101089 | D15: Ply LANTREX 14.5 mm polos untuk pintu | F15: Lbr | G15: Anti Rayap
A16: 14.5 | B16: Ply lantrex Polos | C16: 101090 | D16: Ply LANTREX 14.5 mm polos untuk box | F16: Lbr | G16: Anti Rayap
... A34: 3 | B34: Ply lantrex Polos u Duco | C34: 101010 | D34: Ply 3 mm LANTREX untuk Duco | F34: Lbr | G34: Anti Rayap
B35: HPL u Duco | C35: 121531 | D35: HPL untuk duco 4X10 | F35: Lbr | G35: Anti Rayap
B36: HPL u Duco | C36: 121533 | D36: HPL untuk duco 4X8 | F36: Lbr | G36: Anti Rayap
B37: HPL | C37: 120125 | D37: HPL Aica 1311 | F37: Lbr
A39: 18 | B39: Ply lantrex Polos | C39: 101099 | D39: Ply LANTREX 18 mm MARINE | F39: Lbr | G39: Anti Rayap
A41: 18 | B41: Ply lantrex aica 2mk | C41: 100848 | D41: Ply LANTREX 18 mm HPL Putih 2 mk | F41: Lbr | G41: Anti Rayap
A42: 9 | B42: Ply lantrex Aica 1mk | C42: 100867 | D42: Ply LANTREX 9 mm HPL Putih 1 mk | F42: Lbr | G42: Anti Rayap
A44: 18 | B44: Ply lantrex aica 2mk | C44: 101025 | D44: Ply LANTREX 18 mm HPL Mocca 1337 A 2 mk | F44: Lbr | G44: Anti Rayap | H44: Edg Rehau 270 B
A45: 18 | B45: Ply lantrex Mocca+Aica | C45: 101026 | D45: Ply LANTREX 18 mm HPL Mocca 1337 A + HPL Putih | F45: Lbr | G45: Anti Rayap | H45: Edg Rehau 270 B
A46: 15 | B46: Ply lantrex Mocca 2mk | C46: 101027 | D46: Ply LANTREX 15 mm HPL Mocca 1337 A 2 mk | F46: Lbr | G46: Anti Rayap | H46: Edg Rehau 270 B
A47: 5.5 | B47: Ply lantrex Mocca+Aica | C47: 100849 | D47: Ply LANTREX 5,5 mm lokal HPL Mocca 1337 A + HPL Putih | F47: Lbr | G47: Anti Rayap | H47: Edg Rehau 270 B
A48: 6 | B48: Ply lantrex Mocca+GS 1 | C48: 100924 | D48: Ply LANTREX 6 mm lokal lapis HPL Mocca 1337 A + HPL GS 1 | F48: Lbr | G48: Anti Rayap | H48: Edg Rehau 270 B
B49: HPL | C49: 120221 | D49: HPL mocha 1337 A 4x8 | F49: Lbr | G49: Anti Rayap | H49: Edg Rehau 270 B
B50: Edging | C50: 210049 | D50: Edg Rehau 270 B uk : 23x1
A52: 18 | B52: Ply lantrex C001 2mk | C52: 100968 | D52: Ply LANTREX 18 mm HPL C 001 LD 2 mk | F52: Lbr | G52: Anti Rayap | H52: Edg Rehau 558
A53: 18 | B53: Ply lantrex C001 + Aica | C53: 100969 | D53: Ply LANTREX 18 mm HPL C 001 LD + HPL Putih | F53: Lbr | G53: Anti Rayap | H53: Edg Rehau 558
A54: 15 | B54: Ply lantrex C001 2mk | C54: 100852 | D54: Ply LANTREX 15 mm HPL C 001 LD 2 mk | F54: Lbr | G54: Anti Rayap | H54: Edg Rehau 558
A55: 6 | B55: Ply lantrex C001 + Aica | C55: 101111 | D55: Ply LANTREX 6 mm HPL C 001 LD + HPL Putih | F55: Lbr | G55: Anti Rayap | H55: Edg Rehau 558
B56: Edging | C56: 210047 | D56: Edg Rehau 558 uk : 23x1
B57: Edging | C57: 210164 | D57: Edg Rehau 558 uk : 29x1
B58: Edging | C58: 220198 | D58: Edg Rehau 558 uk : 55x1.5
A60: 24 | B60: Ply lantrex HB 41130 2mk | C60: 100854 | D60: Ply LANTREX 24 mm HPL HB 41130 2 mk | F60: Lbr | G60: Anti Rayap | H60: Edg Decor 1723 B
A61: 18 | B61: Ply lantrex HB 41130 2mk | C61: 100903 | D61: Ply LANTREX 18 mm HPL HB 41130 2 mk | F61: Lbr | G61: Anti Rayap | H61: Edg Decor 1723 B
A62: 18 | B62: Ply lantrex HB 41130 + Aica | C62: 100904 | D62: Ply LANTREX 18 mm HPL HB 41130 + HPL Putih | F62: Lbr | G62: Anti Rayap | H62: Edg Decor 1723 B
A63: 15 | B63: Ply lantrex HB 41130 2mk | C63: 100855 | D63: Ply LANTREX 15 mm HPL HB 41130 2 mk | F63: Lbr | G63: Anti Rayap | H63: Edg Decor 1723 B
A64: 6 | B64: Ply lantrex HB 41130 + Aica | C64: 100905 | D64: Ply LANTREX 6 mm lapis HPL HB 41130 + HPL putih | F64: Lbr | G64: Anti Rayap | H64: Edg Decor 1723 B
A65: 9 | B65: Ply lantrex HB 41130 + Aica | C65: 100856 | D65: Ply LANTREX 9 mm HPL HB 41130 + HPL Putih | F65: Lbr | G65: Anti Rayap | H65: Edg Decor 1723 B
B66: HPL | C66: 120952 | D66: HPL HB 41130 tebal 0.6 mm | F66: Lbr
B67: Edging | C67: 210481 | D67: Edg Decor 1723 B uk : 23x1
B68: Edging | C68: 220320 | D68: Edg Decor 1723 B uk : 61x1
A70: 18 | B70: Ply lantrex HB 41130 -11 + Aica | C70: 100868 | D70: Ply LANTREX 18 mm HPL HB 41130-11 + HPL Putih | F70: Lbr | G70: Anti Rayap | H70: Edging Decor 1740 B
A71: 18 | B71: Ply lantrex HB 41130 -11 2mk | C71: 100874 | D71: Ply LANTREX 18 mm HPL HB 41130-11 2 mk | F71: Lbr | G71: Anti Rayap | H71: Edging Decor 1740 B
A72: 15 | B72: Ply lantrex HB 41130 -11 2mk | C72: 100869 | D72: Ply LANTREX 15 mm HPL HB 41130-11 2 mk | F72: Lbr | G72: Anti Rayap | H72: Edging Decor 1740 B
A73: 6 | B73: Ply lantrex HB 41130 -11 + Aica | C73: 101031 | D73: Ply LANTREX 6 mm HPL HB 41130-11 + HPL Putih | F73: Lbr | G73: Anti Rayap | H73: Edging Decor 1740 B
B74: Edging | C74: 220140 | D74: Edging Decor 1740 B (23x1)
B75: Edging | C75: 220141 | D75: Edging Decor 1740 B (29x1)
B76: Edging | C76: 220217 | D76: Edging Decor 1740 B (45x1)
A78: 3 | B78: Ply Polos | C78: 101060 | D78: Ply 3 mm polos untuk pintu | F78: Lbr | G78: Non Anti Rayap
A79: 3 | B79: Ply Polos | C79: 101061 | D79: Ply 3 mm polos untuk alas | F79: Lbr | G79: Non Anti Rayap
A80: 4 | B80: Ply Polos | C80: 100976 | D80: Ply 4 mm polos untuk pintu | F80: Lbr | G80: Non Anti Rayap
A81: 6 | B81: Ply Polos | C81: 101062 | D81: Ply 6 mm polos untuk pintu | F81: Lbr | G81: Non Anti Rayap
A82: 6 | B82: Ply Polos | C82: 101063 | D82: Ply 6 mm polos untuk box | F82: Lbr | G82: Non Anti Rayap
A83: 6 | B83: Ply Polos | C83: 101064 | D83: Ply 6 mm polos untuk kelengkapan | F83: Lbr | G83: Non Anti Rayap
A84: 9 | B84: Ply Polos Smartply | C84: 100739 | D84: Ply 9 mm Smartply 1 mk | F84: Lbr | G84: Non Anti Rayap
A85: 9 | B85: Ply Polos | C85: 101065 | D85: Ply 9 mm polos untuk pintu | F85: Lbr | G85: Non Anti Rayap
A86: 9 | B86: Ply Polos | C86: 101066 | D86: Ply 9 mm polos untuk box | F86: Lbr | G86: Non Anti Rayap
A87: 9 | B87: Ply Polos | C87: 101067 | D87: Ply 9 mm polos untuk kelengkapan | F87: Lbr | G87: Non Anti Rayap
A88: 12 | B88: Ply Polos | C88: 101068 | D88: Ply 12 mm polos untuk pintu | F88: Lbr | G88: Non Anti Rayap
A89: 12 | B89: Ply Polos | C89: 101069 | D89: Ply 12 mm polos untuk kelengkapan | F89: Lbr | G89: Non Anti Rayap
... A91: 13 | B91: Ply Polos | C91: 100563 | D91: Ply 13 mm polos untuk pintu 4X10 | F91: Lbr | G91: Non Anti Rayap
A92: 13 | B92: Ply Polos | C92: 1000026 | D92: Ply 13,5 mm polos untuk pintu | F92: Lbr
A93: 15 | B93: Ply Polos Smartply | C93: 100738 | D93: Ply 15 mm Smartply 2 mk | F93: Lbr | G93: Non Anti Rayap
A94: 14.5 | B94: Ply Polos | C94: 101071 | D94: Ply 14.5 mm polos untuk pintu | F94: Lbr | G94: Non Anti Rayap
A95: 14.5 | B95: Ply Polos | C95: 101072 | D95: Ply 14.5 mm polos untuk box | F95: Lbr | G95: Non Anti Rayap
A96: 14.5 | B96: Ply Polos | C96: 101118 | D96: Ply 15 mm polos untuk pintu | F96: Lbr
A97: 17 | B97: Ply Polos | C97: 101073 | D97: Ply 17 mm polos untuk pintu | F97: Lbr | G97: Non Anti Rayap
A98: 17 | B98: Ply Polos | C98: 101105 | D98: Ply 17 mm polos untuk pintu 4X10 | F98: Lbr | G98: Non Anti Rayap
A99: 17 | B99: Ply Polos | C99: 101074 | D99: Ply 17 mm polos untuk kelengkapan | F99: Lbr | G99: Non Anti Rayap
A100: 18 | B100: Ply Polos Smartply | C100: 100636 | D100: Ply 18 mm Smartply | F100: Lbr | G100: Non Anti Rayap
A101: 18 | B101: Ply Polos | C101: 101075 | D101: Ply 18 mm polos untuk pintu | F101: Lbr | G101: Non Anti Rayap
A102: 18 | B102: Ply Polos | C102: 101103 | D102: Ply 18 mm polos untuk pintu 4X10 | F102: Lbr | G102: Non Anti Rayap
A103: 18 | B103: Ply Polos | C103: 101076 | D103: Ply 18 mm polos untuk box | F103: Lbr | G103: Non Anti Rayap
A104: 18 | B104: Ply Polos | C104: 101077 | D104: Ply 18 mm polos untuk kelengkapan | F104: Lbr | G104: Non Anti Rayap
A105: 24 | B105: Ply Polos | C105: 101078 | D105: Ply 24 mm polos untuk box | F105: Lbr | G105: Non Anti Rayap
A106: 5 | B106: Ply Polos | C106: 1000162 | D106: Ply Bending 5mm long grain | F106: Lbr | G106: long grain yg ditekuk 2440nya
A107: 5 | B107: Ply Polos | C107: 1000163 | D107: Ply Bending 5mm short grain | F107: Lbr
A108: 8 | B108: Ply Polos | C108: 1000186 | D108: Ply Bending 8 mm long grain | F108: Lbr | G108: long grain yg ditekuk 2440nya
A109: 8 | B109: Ply Polos | C109: 1000187 | D109: Ply Bending 8 mm short grain | F109: Lbr
A110: 38 | B110: Ply Polos | C110: 100765 | D110: Ply 38 mm OVL FA (TM + TM) | F110: Lbr | G110: Non Anti Rayap
A111: 38 | B111: Ply Polos | C111: 100766 | D111: Ply 38 mm OVL FA (TM + HPL) | F111: Lbr | G111: Non Anti Rayap
A112: 38 | B112: Ply Polos | C112: 100767 | D112: Ply 38 mm OVL FA (HPL + HPL) | F112: Lbr | G112: Non Anti Rayap
A114: 24 | B114: Ply Polos u Duco | C114: 101003 | D114: Ply 24 mm untuk Duco | F114: Lbr | G114: Non Anti Rayap
A115: 18 | B115: Ply Polos u Duco | C115: 101004 | D115: Ply 18 mm untuk Duco | F115: Lbr | G115: Non Anti Rayap
A116: 18 | B116: Ply Polos u Duco | C116: 101104 | D116: Ply 18 mm untuk Duco 4X10 | F116: Lbr | G116: Non Anti Rayap
A117: 15 | B117: Ply Polos u Duco | C117: 101005 | D117: Ply 15 mm untuk Duco | F117: Lbr | G117: Non Anti Rayap
A118: 13 | B118: Ply Polos u Duco | C118: 101006 | D118: Ply 13 mm untuk Duco | F118: Lbr | G118: Non Anti Rayap
A119: 13 | B119: Ply Polos u Duco | C119: 101107 | D119: Ply 13 mm untuk Duco 4X10 | F119: Lbr | G119: Non Anti Rayap
A120: 12 | B120: Ply Polos u Duco | C120: 101007 | D120: Ply 12 mm untuk Duco | F120: Lbr | G120: Non Anti Rayap
A121: 9 | B121: Ply Polos u Duco | C121: 101008 | D121: Ply 9 mm untuk Duco | F121: Lbr | G121: Non Anti Rayap
A122: 5.5 | B122: Ply Polos u Duco | C122: 101018 | D122: Ply 5.5 mm untuk Duco | F122: Lbr | G122: Non Anti Rayap
A123: 3 | B123: Ply Polos u Duco | C123: 101019 | D123: Ply 3 mm untuk Duco | F123: Lbr | G123: Non Anti Rayap
B124: HPL u Duco | C124: 121531 | D124: HPL untuk duco 4X10 | F124: Lbr | G124: Non Anti Rayap
B125: HPL u Duco | C125: 121533 | D125: HPL untuk duco 4X8 | F125: Lbr | G125: Non Anti Rayap
A127: 5 | B127: UPVC | C127: 101106 | D127: POLA BOARD GREY NATURAL 5 MM 4X8 | F127: Lbr | G127: Non Anti Rayap
A128: 8 | B128: UPVC | C128: 506844 | D128: POLA BOARD GREY NATURAL 8 MM 4X8 | F128: Lbr | G128: Non Anti Rayap
A129: 10 | B129: UPVC | C129: 101110 | D129: POLA BOARD GREY NATURAL 10 MM 4X8 | F129: Lbr | G129: Non Anti Rayap
...

Sheet Spek
D1: awali dengan bismillah . . .
B2: tanggal | C2: : | D2: 46163 | E2: Val. | F2: note | G2: KS
B3: No Rekap | C3: : | D3: RZ0458
B4: Estimator | C4: : | D4: Fahrudin
B5: Koordinator Rekap | C5: : | D5: Reza Pahlevi | E5: Reza Pahlevi
B6: Status Proyek
B7: ADA PENDINGAN | C7: :
B8: TIDAK ADA PEND. | C8: : | D8: √
B9: ANTI RAYAP | C9: :
B10: TIDAK ANTIRAYAP | C10: : | D10: √
B11: Form Order
B12: No.Kontrak | C12: : | D12: 127/RK-RL-PI/PAP-LL/XII/2025
B13: NIP | C13: : | D13: 25LL017MPC
B14: Nama Produk | C14: : | D14: Dry Pantry
B15: Nama Proyek | C15: : | D15: PT Malindo Feedmill Tbk | I15: =CONCATENATE((Spek!$D$15),"-",(Spek!$D$14)) -> PT Malindo Feedmill Tbk-Dry Pantry
B16: Spesifikasi Produk
B17: Bahan Kabinet 1 | C17: : | D17: Ply | F17: bahan1 (u/ box)
B18: Bahan Kabinet 2 | C18: : | D18: Ply+mdf hijau 1mk | F18: bahan2
B19: Bahan Kabinet 3 | C19: : | D19: Ply+mdf hijau 2mk | F19: bahan3
B20: Bahan Kabinet 4 | C20: : | D20: Mdf hijau | F20: bahan4
B21: Bahan Kabinet 5 | C21: : | D21: Ply | F21: bahan5 (u/ pintu)
B22: Bahan Kabinet 6 | C22: : | D22: UPVC | F22: bahan6
B23: Bahan Kabinet 7 | C23: : | D23: Ply Bending | F23: bahan7
B24: Bahan Kabinet 8 | C24: : | D24: Blockboard | F24: bahan8
B27: Spesifikasi tebal bahan
B28: Komponen kabinet | C28: : | D28: 18
B29: Komponen laci | C29: : | D29: 12
B30: Dinding blk / dasar | C30: : | D30: 6
B31: Tatakan S/s | C31: : | D31: 18
B32: Tatakan worktop | C32: : | D32: 27
B34: Spesifikasi Lapisan / Fin.
A35: 11 | B35: Lapisan dibalik pintu | C35: : | D35: =IFERROR(INDEX((tf),MATCH(A35,ctf,0)),"") -> HB_41130 | F35: =IF(A35=1,edging1,IF(A35=11,edgingkab1,"cek tipe edging")) -> Edg_Décor_1723_B
A36: 0 | B36: Lapisan tidak terlihat u/ kab. | C36: : | D36: =IFERROR(INDEX((tf),MATCH(A36,ctf,0)),"") -> Polos
A37: 0 | B37: Lapisan depan bhn pintu mlp | C37: : | D37: =IFERROR(INDEX((tf),MATCH(A37,ctf,0)),"") -> Polos
C38: :
B39: tipe edg. u/ sisi tidak terlihat | C39: : | D39: Melanor
B40: tipe lap. u/ sisi tidak terlihat | C40: : | D40: =IF($D$42="AL01","AL01",IF($D$42="MWW_003",lapisan_luar_paper,IF($D$42="MWW_004",lapisan_luar_paper,IF($D$42="MM_002",lapisan_luar_paper,lapisan_luar_hb)))) -> [Aica] | E40: =IF($B$42="paper",(INDEX((tbl_paper),MATCH($D40,paper,0))),(INDEX((tbl_hpl),MATCH($D40,HPL,0)))) -> 0.5
A42: 11 | B42: HPL | C42: : | D42: HB_41130 | E42: =IF(B42="paper",(INDEX((tbl_paper),MATCH($D42,paper,0))),(INDEX((tbl_hpl),MATCH($D42,HPL,0)))) -> 0.5 | F42: kabinet1
B43: Edg | C43: : | D43: Edg_Décor_1723_B | F43: edgingkab1
A44: 22 | B44: HPL | C44: : | D44: Aica | E44: =IF(B44="paper",(INDEX((tbl_paper),MATCH($D44,paper,0))),(INDEX((tbl_hpl),MATCH($D44,HPL,0)))) -> 0.5 | F44: kabinet2
B45: Edg | C45: : | D45: Edg_Decor_1723_B_(55x1) | F45: edgingkab2
A46: 33 | B46: HPL | C46: : | D46: Aica | E46: =IF(B46="paper",(INDEX((tbl_paper),MATCH($D46,paper,0))),(INDEX((tbl_hpl),MATCH($D46,HPL,0)))) -> 0.5 | F46: kabinet3
B47: Edg | C47: : | F47: edgingkab3
A48: 1 | B48: HPL | C48: : | D48: WY_5216_D(V) | E48: =IF(B48="paper",(INDEX((tbl_paper),MATCH($D48,paper,0))),(INDEX((tbl_hpl),MATCH($D48,HPL,0)))) -> 1 | F48: lapisan1
B49: Edg | C49: : | D49: Edg_EAW_5216D1 | F49: edging1
A50: 2 | B50: HPL | C50: : | D50: =CONCATENATE("(",lapisan1," ","rangka……","+",kabinet2,")") -> (WY_5216_D(V) rangka……+Aica) | E50: =+E48 -> 1 | F50: lapisan2
B51: Edg | C51: : | D51: Edg_EAW_5216_D1(44x1) | F51: edging2
A52: 3 | B52: HPL | C52: : | D52: L-FA_0206_AP | E52: =IF(B52="paper",(INDEX((tbl_paper),MATCH($D52,paper,0))),(INDEX((tbl_hpl),MATCH($D52,HPL,0)))) -> 1 | F52: lapisan3
B53: Edg | C53: : | D53: Edg_DSS_00206_SM | F53: edging3
A54: 4 | B54: HPL | C54: : | D54: =CONCATENATE("(",lapisan3," ","rangka……","+",kabinet2,")") -> (L-FA_0206_AP rangka……+Aica) | E54: =+E52 -> 1 | F54: lapisan4
B55: Edg | C55: : | D55: Edg_DSS_00206_SM(45X1) | F55: edging4
A56: 5 | B56: HPL | C56: : | D56: DXO_1338_D | E56: =IF(B56="paper",(INDEX((tbl_paper),MATCH($D56,paper,0))),(INDEX((tbl_hpl),MATCH($D56,HPL,0)))) -> 1 | F56: lapisan5
B57: Edg | C57: : | D57: Edg_EAP_1338_DO | F57: edging5
A58: 6 | B58: HPL | C58: : | E58: =IF(B58="paper",(INDEX((tbl_paper),MATCH($D58,paper,0))),(INDEX((tbl_hpl),MATCH($D58,HPL,0)))) -> #N/A | F58: lapisan6
B59: Edg | C59: : | D59: Edg_Decor_2023_B | F59: edging6
A60: 7 | B60: HPL | C60: : | D60: Duco | E60: =IF(B60="paper",(INDEX((tbl_paper),MATCH($D60,paper,0))),(INDEX((tbl_hpl),MATCH($D60,HPL,0)))) -> 0.5 | F60: lapisan7
B61: Edg | C61: : | D61: Melanor | F61: edging7
B64: Spesifikasi komp.Anodize
B65: trim_21 | C65: : | D65: Trim 21 S2/S4 Brown Doff ( Alm. 75181 ) P3 | F65: edging7 (trimpanel)
B66: trim_22 | C66: : | D66: Trim 22 S2/S4 Brown Doff ( Alm. 75270 ) P3 | F66: edging8 (trimkaca)
B67: trim_38 | C67: : | D67: ST-36 Brown Doff ( Alm. 2351 ) P3 P3 | F67: edging9
B68: M_grill | C68: : | D68: M-GRILL 01 COKLAT DOFF | F68: m grill
B69: mled_02 | C69: : | D69: M-LED-02 Brown Doff ( Alm. 75111 ) P3 | F69: mled02
B70: mprf_01 | C70: : | D70: M-PRF-01 Brown Doff ( Alm. 75110 ) P3 | F70: mprf1
B71: mlis_01 | C71: : | D71: M-LIST-01 Brown Doff ( Alm. 75112 ) P3 | F71: mlis1
B72: lis_kaca | C72: : | D72: List Kaca Black Doff ( Alm. 6600/6599 ) P2.8 | F72: liskaca
B73: M_PLT_01 | D73: M-PLT-01 Brown Doff ( Alm. 75256 ) P3 | F73: mplt1
B74: M_PLT_02 | D74: M-PLT-02 Brown Doff ( Alm. 85830 ) P3 | F74: mplt2
B76: MH_02 | C76: : | D76: MH-02 Brown Doff ( Alm. 86706 ) P3 | F76: hand1
B77: MH_02 | C77: : | D77: =CONCATENATE(Hand1," ","coak standart") -> MH-02 Brown Doff ( Alm. 86706 ) P3 coak standart | F77: hand2
B78: MH_02 | C78: : | D78: =CONCATENATE(Hand1," ","coak khusus") -> MH-02 Brown Doff ( Alm. 86706 ) P3 coak khusus | F78: hand3
B79: MH_08 | C79: : | D79: MH-08 Brown Doff ( Alm. 75289 ) P3 | F79: hand4
B80: MH_07 | C80: : | D80: MH-07 Brown Doff ( Alm. 75272 ) P3 | F80: hand5
B81: MH_04 | C81: : | D81: MH-04 Black ( Alm. 86705 ) P3 | F81: hand6
B82: MH_04 | C82: : | D82: =CONCATENATE(hand6," ","coak standart") -> MH-04 Black ( Alm. 86705 ) P3 coak standart | F82: hand7
B83: MH_04 | C83: : | D83: =CONCATENATE(hand6," ","coak khusus") -> MH-04 Black ( Alm. 86705 ) P3 coak khusus | F83: hand8
B84: MH_09 | C84: : | D84: MH-09 A Brown Doff ( Alm. 75301 ) P3 | F84: hand9
B85: MH_09 | C85: : | D85: MH-09 B Brown Doff ( Alm. MF 75303 R ) P3 | F85: hand10
B87: Spesifikasi frame Alu
A88: fix | B88: m_frm_ttp_blk | C88: : | D88: M-FRM Tutup Belakang Brown Doff ( Alm. 75225 ) P3 | F88: fr0
B89: m_frm | C89: : | D89: M-FRM Body Brown Doff ( Alm. 75226 ) P3 | F89: fr1
A90: fix | B90: m_frm_07 | D90: M-FRM-07 Brown Doff ( Alm. 75355 ) P3 | F90: fr2
B91: m_frm_02 | D91: M-FRM-02 Black Doff ( Alm. 75227 ) P3 | F91: fr3
B92: m_frm_03 | D92: M-FRM-03 Black Doff ( Alm. 75229 ) P3 | F92: fr4
A93: fix | B93: Mshf_0102 | D93: M-SHF-01/02 Brown Doff ( Alm. 75109 ) P3 | F93: fr5
A94: fix | B94: LS_01 | D94: LS-01 Brown Doff ( Alm. 86599 ) P3 | F94: fr6
B95: m_frm_05 | D95: Alm. 75283 ( M-FRM-05 ) MENTAH P6 | F95: fr7
B96: m_frm_05 | D96: Alm. 75284 ( M-FRM-05 ) MENTAH P6 | F96: fr8
B97: mulion_luar | D97: Mullion Luar Black Doff ( Alm. 75114 ) P3 | F97: fr9
B98: mulion_dalam | D98: Mullion Dalam Black Doff ( Alm. 41316 ) P3 | F98: fr10
B99: mulion_m_frm_07 | D99: Alm. 75354 ( Mulion M-FRM-07 ) CA1 P6 | F99: fr11
B100: LS_02 | D100: LS-02 Black Gloss ( Alm. 10321 ) P3 | F100: fr12
B101: mulion_dalam | D101: Mullion Dalam Black Doff ( Alm. 41316 ) P3 | F101: fr13
B102: mulion_dalam | D102: Mullion Dalam Mocha Gloss ( Alm. 41316 ) P3 | F102: fr14
B104: Spesifikasi Engsel
B105: engsel_pantry | C105: : | D105: ENGSEL CLIP TOP 107 DEG INTEGRATED 75 B 1550 + 173 L 6100 | F105: engsel1 | G105: pintu kecil
B106: engsel_pantry | C106: : | D106: ENGSEL SALICE PUSH.TIP ON FOR DOOR | F106: engsel2 | G106: pintu tip on
B107: engsel_pantry | C107: : | D107: ENGSEL 155 DRAJAT 71 B 7550 | F107: engsel3 | G107: bifold 1
B108: engsel_pantry | C108: : | D108: ENGSEL BIFOLD | F108: engsel4 | G108: bifold 2
B109: engsel_pantry | C109: : | D109: ENGSEL 79M9550 BLIND CORNER | F109: engsel5 | G109: blind cr
...

Sheet Data Validation
A6: √ | B6: Code | C6: Name | D6: Val | E6: KS | F6: Ket. | G6: OPT | H6: jml sub | I6: Bhn | J6: T | K6: minifix | L6: dowel | O6: tipe siku | P6: tipe screw | Q6: V | R6: V2 | S6: H | T6: profil 3 | U6: profil 2 | V6: profil | W6: L | X6: D | Y6: P1 | Z6: P2 | AA6: L1 | AB6: L2 | AD6: Rel | AE6: Engsel | AF6: Anodize/ | AG6: jumlah anodize @ | AH6: P | AI6: L | AJ6: @siku | AK6: @ screw
B7: Prt | C7: Parts
A8: kabinet | B8: Parts | C8: Dinding Samping | D8: =ROW()+93 -> 101 | E8: KS | G8: 1 | H8: 1 | I8: =bahan1 -> Ply | J8: 18 | W8: =Spek!$A$36 -> 0 | X8: 11 | Y8: 11 | Z8: =IF(Spek!$A$36=0,9,11) -> 9 | AA8: =IF(Spek!$A$36=0,9,11) -> 9 | AB8: =IF(Spek!$A$36=0,9,11) -> 9 | AC8: √
A9: kabinet | B9: Parts | C9: Dinding Samping≈ | D9: =ROW()+93 -> 102 | E9: KS | G9: 1 | H9: 1 | I9: =bahan1 -> Ply | J9: 18 | W9: 11 | X9: 11 | Y9: 11 | Z9: 11 | AA9: 11 | AB9: 11
A10: kabinet | B10: Parts | C10: Dinding Samping• | D10: =ROW()+93 -> 103 | E10: KS | G10: 1 | H10: 1 | I10: =bahan1 -> Ply | J10: 18 | W10: 3 | X10: 11 | Y10: 3 | Z10: 3 | AA10: 3 | AB10: 3
A11: kabinet | B11: Parts | C11: Dinding Samping I | D11: =ROW()+93 -> 104 | E11: KS | G11: 1 | H11: 1 | I11: =bahan1 -> Ply | J11: 18 | W11: 1 | X11: 11 | Y11: 1 | Z11: 1 | AA11: 1 | AB11: 1
A12: kabinet | B12: Parts | C12: Dinding Samping║ | D12: =ROW()+93 -> 105 | E12: KS | G12: 1 | H12: 1 | I12: =bahan1 -> Ply | J12: 18 | W12: 2 | X12: 11 | Y12: 11 | Z12: =IF(Spek!$A$36=0,9,11) -> 9 | AA12: =IF(Spek!$A$36=0,9,11) -> 9 | AB12: =IF(Spek!$A$36=0,9,11) -> 9 | AC12: √
A13: kabinet | B13: Parts | C13: Dinding Samping« | D13: =ROW()+93 -> 106 | E13: KS | G13: 1 | H13: 1 | I13: =bahan1 -> Ply | J13: 18 | W13: 4 | X13: 11 | Y13: 11 | Z13: =IF(Spek!$A$36=0,9,11) -> 9 | AA13: =IF(Spek!$A$36=0,9,11) -> 9 | AB13: =IF(Spek!$A$36=0,9,11) -> 9 | AC13: √
A14: kabinet | B14: Parts | C14: Dinding Samping OS | D14: =ROW()+93 -> 107 | E14: KS | G14: 0 | H14: 1 | I14: =bahan1 -> Ply | J14: 18 | W14: =IF(Spek!$B$42="paper",22,Spek!$A$36) -> 0 | X14: 1 | Y14: 1 | Z14: 1 | AA14: 1 | AB14: 1
A15: kabinet | B15: Parts | C15: Dinding Samping OS I | D15: =ROW()+93 -> 108 | E15: KS | G15: 0 | H15: 1 | I15: =bahan1 -> Ply | J15: 18 | W15: 1 | X15: 1 | Y15: 1 | Z15: 1 | AA15: 1 | AB15: 1
A16: kabinet | B16: Parts | C16: Dinding Samping OS║ | D16: =ROW()+93 -> 109 | E16: KS | G16: 0 | H16: 1 | I16: =bahan1 -> Ply | J16: 18 | W16: 2 | X16: 1 | Y16: 1 | Z16: 1 | AA16: 1 | AB16: 1
A17: kabinet | B17: Parts | C17: Dinding Samping OS• | D17: =ROW()+93 -> 110 | E17: KS | G17: 0 | H17: 1 | I17: =bahan1 -> Ply | J17: 18 | W17: =IF(Spek!$B$42="paper",22,Spek!$A$36) -> 0 | X17: 3 | Y17: 3 | Z17: 3 | AA17: 3 | AB17: 3
A18: kabinet | B18: Parts | C18: Dinding Samping OS•• | D18: =ROW()+93 -> 111 | E18: KS | G18: 0 | H18: 1 | I18: =bahan1 -> Ply | J18: 18 | W18: 3 | X18: 3 | Y18: 3 | Z18: 3 | AA18: 3 | AB18: 3
A19: kabinet | B19: Parts | C19: Dinding Samping Kaca | D19: =ROW()+93 -> 112 | E19: KS | G19: 1 | H19: 1 | I19: =bahan1 -> Ply | J19: 13.5 | W19: 22 | X19: 11 | Y19: 11 | Z19: 11 | AA19: 11 | AB19: 11
A20: kabinet | B20: Parts | C20: Dinding Samping Kaca S2 | D20: =ROW()+93 -> 113 | E20: KS | G20: 1 | H20: 1 | I20: =bahan1 -> Ply | J20: 13.5 | W20: 22 | X20: 11 | Y20: 1 | Z20: 1 | AA20: 0 | AB20: 0 | AF20: =IF(Spek!$D$17="UPVC",edging7,edging8) -> Trim 22 S2/S4 Brown Doff ( Alm. 75270 ) P3 | AG20: 2
A21: kabinet | B21: Parts | C21: Dinding Samping Kaca S4 | D21: =ROW()+93 -> 114 | E21: KS | G21: 1 | H21: 1 | I21: =bahan1 -> Ply | J21: 13.5 | W21: 22 | X21: 11 | Y21: 8 | Z21: 8 | AA21: 8 | AB21: 8
A22: kabinet | B22: Parts | C22: Samping WIC | D22: =ROW()+93 -> 115 | E22: KS | G22: 1 | H22: 2 | I22: =bahan1 -> Ply | J22: 24 | K22: =minifix_hettich -> MINIFIX HETTICH | L22: =dowelØ8 -> DOWEL KAYU 4X8 | W22: 11 | X22: 11 | Y22: 22 | Z22: 0 | AA22: 22 | AB22: 22
A23: kabinet | B23: Parts | C23: Komp. OS Manual | D23: =ROW()+93 -> 116 | E23: KS | G23: 1 | H23: 1 | I23: =bahan1 -> Ply
A24: kabinet | B24: Parts | C24: Dinding Atas Bawah ↓ | D24: =ROW()+93 -> 117 | E24: KS | G24: 1 | H24: 1 | I24: =bahan1 -> Ply | J24: 18 | K24: =minifix_hettich -> MINIFIX HETTICH | L24: =dowelØ8 -> DOWEL KAYU 4X8 | T24: =legadj100 -> KAKI ADJUSTER HAFELLE TG 100 ART # 637.45.326 | W24: =Spek!$A$36 -> 0 | X24: 11 | Y24: 11 | Z24: =IF(Spek!$A$36=0,9,11) -> 9 | AA24: 0 | AB24: 0 | AC24: √
A25: kabinet | B25: Parts | C25: Dinding Atas Bawah ↑ | D25: =ROW()+93 -> 118 | E25: KS | G25: 1 | H25: 1 | I25: =bahan1 -> Ply | J25: 18 | K25: =minifix_hettich -> MINIFIX HETTICH | L25: =dowelØ8 -> DOWEL KAYU 4X8 | T25: =braket_hc -> Braket Kabinet Atas | W25: =Spek!$A$36 -> 0 | X25: 11 | Y25: 11 | Z25: =IF(Spek!$A$36=0,9,11) -> 9 | AA25: 0 | AB25: 0 | AC25: √
A26: kabinet | B26: Parts | C26: Dinding Atas Bawah | D26: =ROW()+93 -> 119 | E26: KS | G26: 1 | H26: 1 | I26: =bahan1 -> Ply | J26: 18 | K26: =minifix_hettich -> MINIFIX HETTICH | L26: =dowelØ8 -> DOWEL KAYU 4X8 | W26: 9 | X26: 11 | Y26: 11 | Z26: =IF(Spek!$A$36=0,9,11) -> 9 | AA26: 0 | AB26: 0 | AC26: √
A27: kabinet | B27: Parts | C27: Dinding Atas Bawah• | D27: =ROW()+93 -> 120 | E27: KS | G27: 1 | H27: 1 | I27: =bahan1 -> Ply | J27: 18 | K27: =minifix_hettich -> MINIFIX HETTICH | L27: =dowelØ8 -> DOWEL KAYU 4X8 | W27: 3 | X27: 11 | Y27: 3 | Z27: 3 | AA27: 0 | AB27: 0
A28: kabinet | B28: Parts | C28: Dinding Atas Bawah I | D28: =ROW()+93 -> 121 | E28: KS | G28: 1 | H28: 1 | I28: =bahan1 -> Ply | J28: 18 | K28: =minifix_hettich -> MINIFIX HETTICH | L28: =dowelØ8 -> DOWEL KAYU 4X8 | W28: 1 | X28: 11 | Y28: 11 | Z28: 11 | AA28: 0 | AB28: 0
A29: kabinet | B29: Parts | C29: Dinding Atas Bawah ≈ | D29: =ROW()+93 -> 122 | E29: KS | G29: 1 | H29: 1 | I29: =bahan1 -> Ply | J29: 18 | K29: =minifix_hettich -> MINIFIX HETTICH | L29: =dowelØ8 -> DOWEL KAYU 4X8 | W29: 11 | X29: 11 | Y29: 11 | Z29: =IF(Spek!$A$36=0,9,11) -> 9 | AA29: 0 | AB29: 0 | AC29: √
A30: kabinet | B30: Parts | C30: Dinding Atas Bawah ∟↓ | D30: =ROW()+93 -> 123 | E30: KS | G30: 1 | H30: 1 | I30: =bahan1 -> Ply | J30: 18 | K30: =minifix_hettich -> MINIFIX HETTICH | L30: =dowelØ8 -> DOWEL KAYU 4X8 | W30: =Spek!$A$36 -> 0 | X30: 11 | Y30: 0 | Z30: =IF(Spek!$A$36=0,9,11) -> 9 | AA30: 0 | AB30: =IF(Spek!$A$36=0,9,11) -> 9 | AC30: √
A31: kabinet | B31: Parts | C31: Dinding Atas Bawah ∟ | D31: =ROW()+93 -> 124 | E31: KS | G31: 1 | H31: 1 | I31: =bahan1 -> Ply | J31: 18 | K31: =minifix_hettich -> MINIFIX HETTICH | L31: =dowelØ8 -> DOWEL KAYU 4X8 | W31: 9 | X31: 11 | Y31: 0 | Z31: =IF(Spek!$A$36=0,9,11) -> 9 | AA31: 0 | AB31: =IF(Spek!$A$36=0,9,11) -> 9 | AC31: √
A32: kabinet | B32: Parts | C32: Dinding Atas Bawah I | D32: =ROW()+93 -> 125 | E32: KS | G32: 1 | H32: 1 | I32: =bahan1 -> Ply | J32: 18 | K32: =minifix_hettich -> MINIFIX HETTICH | L32: =dowelØ8 -> DOWEL KAYU 4X8 | W32: 1 | X32: 11 | Y32: 11 | Z32: 11 | AA32: 0 | AB32: 0
A33: kabinet | B33: Parts | C33: Dinding Atas Bawah OS↓ | D33: =ROW()+93 -> 126 | E33: KS | G33: 0 | H33: 1 | I33: =bahan1 -> Ply | J33: 18 | K33: =minifix_hettich -> MINIFIX HETTICH | L33: =dowelØ8 -> DOWEL KAYU 4X8 | W33: 0 | X33: 1 | Y33: 1 | Z33: 1 | AA33: 0 | AB33: 0
A34: kabinet | B34: Parts | C34: Dinding Atas Bawah OS | D34: =ROW()+93 -> 127 | E34: KS | G34: 0 | H34: 1 | I34: =bahan1 -> Ply | J34: 18 | K34: =minifix_hettich -> MINIFIX HETTICH | L34: =dowelØ8 -> DOWEL KAYU 4X8 | W34: 22 | X34: 1 | Y34: 1 | Z34: 1 | AA34: 0 | AB34: 0
A35: kabinet | B35: Parts | C35: Dinding Atas Bawah OS│ | D35: =ROW()+93 -> 128 | E35: KS | G35: 0 | H35: 1 | I35: =bahan1 -> Ply | J35: 18 | K35: =minifix_hettich -> MINIFIX HETTICH | L35: =dowelØ8 -> DOWEL KAYU 4X8 | W35: 1 | X35: 1 | Y35: 1 | Z35: 1 | AA35: 0 | AB35: 0
A36: kabinet | B36: Parts | C36: Dinding Atas Bawah OS║ | D36: =ROW()+93 -> 129 | E36: KS | G36: 0 | H36: 1 | I36: =bahan1 -> Ply | J36: 18 | K36: =minifix_hettich -> MINIFIX HETTICH | L36: =dowelØ8 -> DOWEL KAYU 4X8 | W36: 1 | X36: 2 | Y36: 1 | Z36: 1 | AA36: 0 | AB36: 0
A37: kabinet | B37: Parts | C37: Dinding Atas Bawah OS• | D37: =ROW()+93 -> 130 | E37: KS | G37: 0 | H37: 1 | I37: =bahan1 -> Ply | J37: 18 | K37: =minifix_hettich -> MINIFIX HETTICH | L37: =dowelØ8 -> DOWEL KAYU 4X8 | W37: 22 | X37: 3 | Y37: 3 | Z37: 3 | AA37: 0 | AB37: 0
A38: kabinet | B38: Parts | C38: Dinding Atas Bawah OS•• | D38: =ROW()+93 -> 131 | E38: KS | G38: 0 | H38: 1 | I38: =bahan1 -> Ply | J38: 18 | K38: =minifix_hettich -> MINIFIX HETTICH | L38: =dowelØ8 -> DOWEL KAYU 4X8 | W38: 3 | X38: 3 | Y38: 3 | Z38: 3 | AA38: 0 | AB38: 0
A39: kabinet | B39: Parts | C39: Dinding Atas Bawah OS ∟ | D39: =ROW()+93 -> 132 | E39: KS | G39: 0 | H39: 1 | I39: =bahan1 -> Ply | J39: 18 | K39: =minifix_hettich -> MINIFIX HETTICH | L39: =dowelØ8 -> DOWEL KAYU 4X8 | W39: 22 | X39: 1 | Y39: 0 | Z39: 1 | AA39: 0 | AB39: 1
A40: kabinet | B40: Parts | C40: Dinding Atas WIC | D40: =ROW()+93 -> 133 | E40: KS | G40: 1 | H40: 1 | I40: =bahan1 -> Ply | J40: 18 | K40: =minifix_hettich -> MINIFIX HETTICH | L40: =dowelØ8 -> DOWEL KAYU 4X8 | W40: 11 | X40: 11 | Y40: 11 | Z40: 0 | AA40: 11 | AB40: 0
A41: kabinet | B41: Parts | C41: Palangan | D41: =ROW()+93 -> 134 | E41: KS | G41: 1 | H41: 2 | I41: =bahan1 -> Ply | J41: 18 | K41: =minifix_hettich -> MINIFIX HETTICH | L41: =dowelØ8 -> DOWEL KAYU 4X8 | W41: 9 | X41: 11 | Y41: 11 | Z41: =IF(Spek!$A$36=0,9,11) -> 9 | AA41: 0 | AB41: 0 | AC41: √
A42: kabinet | B42: Parts | C42: Palangan tengah | D42: =ROW()+93 -> 135 | E42: KS | G42: 1 | H42: 1 | I42: =bahan1 -> Ply | J42: 18 | K42: =minifix_hettich -> MINIFIX HETTICH | L42: =dowelØ8 -> DOWEL KAYU 4X8 | W42: 11 | X42: 11 | Y42: 11 | Z42: =IF(Spek!$A$36=0,9,11) -> 9 | AA42: 0 | AB42: 0 | AC42: √
A43: kabinet | B43: Parts | C43: Cover Box Samping | D43: =ROW()+93 -> 136 | E43: KS | G43: 0 | H43: 1 | I43: =bahan1 -> Ply | J43: 18 | K43: =minifix_hettich -> MINIFIX HETTICH | L43: =dowelØ8 -> DOWEL KAYU 4X8 | W43: 1 | X43: 1 | Y43: 1 | Z43: 1 | AA43: 1 | AB43: 0
A44: kabinet | B44: Parts | C44: Cover Box Atas | D44: =ROW()+93 -> 137 | E44: KS | G44: 0 | H44: 1 | I44: =bahan1 -> Ply | J44: 18 | W44: 1 | X44: 22 | Y44: 1 | Z44: 1 | AA44: 1 | AB44: 1
A45: kabinet | B45: Parts | C45: Cover Box Bawah | D45: =ROW()+93 -> 138 | E45: KS | G45: 0 | H45: 1 | I45: =bahan1 -> Ply | J45: 18 | K45: =minifix_hettich -> MINIFIX HETTICH | L45: =dowelØ8 -> DOWEL KAYU 4X8 | W45: 22 | X45: 1 | Y45: 1 | Z45: 1 | AA45: 0 | AB45: 0
A46: kabinet | B46: Parts | C46: Dinding Belakang | D46: =ROW()+93 -> 139 | E46: KS | G46: 1 | H46: 1 | I46: =bahan1 -> Ply | J46: =Spek!$D$30 -> 6 | W46: 9 | X46: 11 | Y46: 0 | Z46: 0 | AA46: 0 | AB46: 0
A47: kabinet | B47: Parts | C47: Dinding Belakang• | D47: =ROW()+93 -> 140 | E47: KS | G47: 0 | H47: 1 | I47: =bahan1 -> Ply | J47: =Spek!$D$30 -> 6 | W47: 22 | X47: 3 | Y47: 0 | Z47: 0 | AA47: 0 | AB47: 0
A48: kabinet | B48: Parts | C48: Dinding Belakang OS | D48: =ROW()+93 -> 141 | E48: KS | G48: 0 | H48: 1 | I48: =bahan1 -> Ply | J48: =Spek!$D$30 -> 6 | W48: =IF(Spek!$B$42="paper",22,9) -> 9 | X48: 1 | Y48: 0 | Z48: 0 | AA48: 0 | AB48: 0
A49: kabinet | B49: Parts | C49: Dinding Belakang OS• | D49: =ROW()+93 -> 142 | E49: KS | G49: 0 | H49: 1 | I49: =bahan1 -> Ply | J49: =Spek!$D$30 -> 6 | W49: =IF(Spek!$B$42="paper",22,9) -> 9 | X49: 3 | Y49: 0 | Z49: 0 | AA49: 0 | AB49: 0
A50: kabinet | B50: Parts | C50: Dobelan Dinding Belakang | D50: =ROW()+93 -> 143 | E50: KS | G50: 1 | H50: 1 | I50: =bahan1 -> Ply | J50: 9 | W50: =IF(bahan1="mdf",11,9) -> 9 | X50: 9 | Y50: 0 | Z50: 0 | AA50: 0 | AB50: 0
A51: kabinet | B51: Parts | C51: Dobelan | D51: =ROW()+93 -> 144 | E51: KS | G51: 1 | H51: 1 | I51: =bahan1 -> Ply | J51: 4 | W51: 22 | X51: 22 | Y51: 0 | Z51: 0 | AA51: 0 | AB51: 0
A52: kabinet | B52: Parts | C52: Ambalan hidup | D52: =ROW()+93 -> 145 | E52: ─ | G52: 1 | H52: 1 | I52: =bahan1 -> Ply | J52: 18 | W52: 11 | X52: 11 | Y52: 11 | Z52: 11 | AA52: 11 | AB52: 11
A53: kabinet | B53: Parts | C53: Ambalan hidup trim depan | D53: =ROW()+93 -> 146 | E53: ─ | G53: 1 | H53: 1 | I53: =bahan1 -> Ply | J53: 18 | W53: 11 | X53: 11 | Y53: 0 | Z53: 11 | AA53: 11 | AB53: 11 | AF53: =edging7 -> Trim 21 S2/S4 Brown Doff ( Alm. 75181 ) P3 | AG53: 1
A54: kabinet | B54: Parts | C54: Ambalan hidup■ | D54: =ROW()+93 -> 147 | E54: ─ | G54: 1 | H54: 1 | I54: =bahan1 -> Ply | J54: 24 | W54: 11 | X54: 11 | Y54: 22 | Z54: 22 | AA54: 22 | AB54: 22
A55: kabinet | B55: Parts | C55: Ambalan hidupº | D55: =ROW()+93 -> 148 | E55: ─ | G55: 1 | H55: 1 | I55: =bahan1 -> Ply | J55: 18 | W55: 11 | X55: 11 | Y55: 0 | Z55: 0 | AA55: 0 | AB55: 0
A56: kabinet | B56: Parts | C56: Ambalan hidup OS | D56: =ROW()+93 -> 149 | E56: ─ | G56: 0 | H56: 1 | I56: =bahan1 -> Ply | J56: 18 | W56: 1 | X56: 1 | Y56: 1 | Z56: 1 | AA56: 1 | AB56: 1
A57: kabinet | B57: Parts | C57: Ambalan hidup OS• | D57: =ROW()+93 -> 150 | E57: ─ | G57: 0 | H57: 1 | I57: =bahan1 -> Ply | J57: 18 | W57: 3 | X57: 3 | Y57: 3 | Z57: 3 | AA57: 3 | AB57: 3
A58: kabinet | B58: Parts | C58: Ambalan hidup OS♦ | D58: =ROW()+93 -> 151 | E58: ─ | G58: 0 | H58: 1 | I58: =bahan1 -> Ply | J58: 18 | W58: 5 | X58: 5 | Y58: 5 | Z58: 5 | AA58: 5 | AB58: 5
A59: kabinet | B59: Parts | C59: Ambalan mati | D59: =ROW()+93 -> 152 | E59: KS | G59: 1 | H59: 1 | I59: =bahan1 -> Ply | J59: 18 | K59: =minifix_hettich -> MINIFIX HETTICH | L59: =dowelØ8 -> DOWEL KAYU 4X8 | W59: 11 | X59: 11 | Y59: 11 | Z59: 0 | AA59: 0 | AB59: 0
A60: kabinet | B60: Parts | C60: Ambalan mati║ | D60: =ROW()+93 -> 153 | E60: KS | G60: 1 | H60: 1 | I60: =bahan1 -> Ply | J60: 18 | K60: =minifix_hettich -> MINIFIX HETTICH | L60: =dowelØ8 -> DOWEL KAYU 4X8 | W60: 11 | X60: 11 | Y60: 11 | Z60: =IF(Spek!$A$36=0,9,11) -> 9 | AA60: 0 | AB60: 0 | AC60: √
A61: kabinet | B61: Parts | C61: Ambalan mati. | D61: =ROW()+93 -> 154 | E61: KS | G61: 0 | H61: 1 | I61: =bahan1 -> Ply | J61: 18 | K61: =minifix_hettich -> MINIFIX HETTICH | L61: =dowelØ8 -> DOWEL KAYU 4X8 | W61: 3 | X61: 3 | Y61: 3 | Z61: 0 | AA61: 0 | AB61: 0
A62: kabinet | B62: Parts | C62: Ambalan mati■ | D62: =ROW()+93 -> 155 | E62: KS | G62: 0 | H62: 1 | I62: =bahan1 -> Ply | J62: 36 | K62: =minifix_hettich -> MINIFIX HETTICH | L62: =dowelØ8 -> DOWEL KAYU 4X8 | W62: 11 | X62: 11 | Y62: 22 | Z62: 0 | AA62: 0 | AB62: 0
A63: kabinet | B63: Parts | C63: Ambalan mati OS | D63: =ROW()+93 -> 156 | E63: KS | G63: 0 | H63: 1 | I63: =bahan1 -> Ply | J63: 18 | K63: =minifix_hettich -> MINIFIX HETTICH | L63: =dowelØ8 -> DOWEL KAYU 4X8 | W63: 1 | X63: 1 | Y63: 1 | Z63: 0 | AA63: 0 | AB63: 0
A64: kabinet | B64: Parts | C64: Ambalan mati OS■ | D64: =ROW()+93 -> 157 | E64: KS | G64: 0 | H64: 1 | I64: =bahan1 -> Ply | J64: 36 | K64: =minifix_hettich -> MINIFIX HETTICH | L64: =dowelØ8 -> DOWEL KAYU 4X8 | W64: 1 | X64: 1 | Y64: 2 | Z64: 0 | AA64: 0 | AB64: 0
A65: kabinet | B65: Parts | C65: Ambalan mati OS• | D65: =ROW()+93 -> 158 | E65: KS | G65: 0 | H65: 1 | I65: =bahan1 -> Ply | J65: 18 | K65: =minifix_hettich -> MINIFIX HETTICH | L65: =dowelØ8 -> DOWEL KAYU 4X8 | W65: 3 | X65: 3 | Y65: 3 | Z65: 0 | AA65: 0 | AB65: 0
A66: kabinet | B66: Parts | C66: Ambalan mati WIC | D66: =ROW()+93 -> 159 | E66: KS | G66: 1 | H66: 3 | I66: =bahan1 -> Ply | J66: 18 | K66: =minifix_hettich -> MINIFIX HETTICH | L66: =dowelØ8 -> DOWEL KAYU 4X8 | W66: 11 | X66: 11 | Y66: 22 | Z66: 0 | AA66: 22 | AB66: 22
A67: kabinet | B67: Parts | C67: Sekat | D67: =ROW()+93 -> 160 | E67: KS | G67: 1 | H67: 1 | I67: =bahan1 -> Ply | J67: 18 | K67: =minifix_hettich -> MINIFIX HETTICH | L67: =dowelØ8 -> DOWEL KAYU 4X8 | W67: 11 | X67: 11 | Y67: 11 | Z67: 0 | AA67: 0 | AB67: 0
A68: kabinet | B68: Parts | C68: Sekat ■ | D68: =ROW()+93 -> 161 | E68: KS | G68: 1 | H68: 1 | I68: =bahan1 -> Ply | J68: 24 | K68: =minifix_hettich -> MINIFIX HETTICH | L68: =dowelØ8 -> DOWEL KAYU 4X8 | W68: 11 | X68: 11 | Y68: 22 | Z68: 22 | AA68: 0 | AB68: 0
A69: kabinet | B69: Parts | C69: Sekat gantung | D69: =ROW()+93 -> 162 | E69: KS | G69: 1 | H69: 1 | I69: =bahan1 -> Ply | J69: 24 | K69: =minifix_hettich -> MINIFIX HETTICH | L69: =dowelØ8 -> DOWEL KAYU 4X8 | W69: 11 | X69: 11 | Y69: 22 | Z69: 0 | AA69: 22 | AB69: 0
A70: kabinet | B70: Parts | C70: Sekat OS | D70: =ROW()+93 -> 163 | E70: KS | G70: 0 | H70: 1 | I70: =bahan1 -> Ply | J70: 18 | K70: =minifix_hettich -> MINIFIX HETTICH | L70: =dowelØ8 -> DOWEL KAYU 4X8 | W70: 1 | X70: 1 | Y70: 1 | Z70: 0 | AA70: 0 | AB70: 0
A71: kabinet | B71: Parts | C71: Sekat OS• | D71: =ROW()+93 -> 164 | E71: KS | G71: 0 | H71: 1 | I71: =bahan1 -> Ply | J71: 18 | K71: =minifix_hettich -> MINIFIX HETTICH | L71: =dowelØ8 -> DOWEL KAYU 4X8 | W71: 3 | X71: 3 | Y71: 3 | Z71: 0 | AA71: 0 | AB71: 0
A72: kabinet | B72: Parts | C72: Sekat. | D72: =ROW()+93 -> 165 | E72: KS | G72: 0 | H72: 1 | I72: =bahan1 -> Ply | J72: 18 | K72: =minifix_hettich -> MINIFIX HETTICH | L72: =dowelØ8 -> DOWEL KAYU 4X8 | W72: 3 | X72: 3 | Y72: 3 | Z72: 0 | AA72: 0 | AB72: 0
... A79: kabinet | B79: Parts | C79: Tiang sudut | D79: =ROW()+93 -> 172 | E79: KS | G79: 1 | H79: 1 | I79: =bahan1 -> Ply | J79: 18 | K79: =minifix_hettich -> MINIFIX HETTICH | L79: =dowelØ8 -> DOWEL KAYU 4X8 | W79: 9 | X79: 11 | Y79: 0 | Z79: 0 | AA79: 0 | AB79: 0
A80: kabinet | B80: Parts | C80: Cover Cerobong Hood | D80: =ROW()+93 -> 173 | E80: ─ | G80: 1 | H80: 1 | I80: =bahan1 -> Ply | J80: 14 | W80: 11 | X80: 11 | Y80: 11 | Z80: 11 | AA80: 0 | AB80: 0
A81: kabinet | B81: Parts | C81: Panel Cermin WIC | D81: =ROW()+93 -> 174 | E81: KS | G81: 1 | H81: 1 | I81: =bahan1 -> Ply | J81: 18 | K81: =minifix_hettich -> MINIFIX HETTICH | L81: =dowelØ8 -> DOWEL KAYU 4X8 | W81: 11 | X81: 11 | Y81: 0 | Z81: 0 | AA81: 11 | AB81: 11
A82: kabinet | B82: Parts | C82: Penahan Cermin | D82: =ROW()+93 -> 175 | E82: KS | G82: 1 | H82: 1 | I82: =bahan1 -> Ply | J82: 12 | W82: 11 | X82: 11 | Y82: 11 | Z82: 11 | AA82: 0 | AB82: 0
A83: kabinet | B83: Parts | C83: Samping laci | D83: =ROW()+93 -> 176 | E83: KS | G83: 1 | H83: 2 | I83: =bahan1 -> Ply | J83: =+tbl_komp_laci -> 12 | W83: 11 | X83: 11 | Y83: 11 | Z83: 11 | AA83: 11 | AB83: 11
A84: kabinet | B84: Parts | C84: Samping laci tiebox | D84: =ROW()+93 -> 177 | E84: KS | G84: 1 | H84: 2 | I84: =bahan1 -> Ply | J84: =+tbl_komp_laci -> 12 | W84: 11 | X84: 11 | Y84: 11 | Z84: 0 | AA84: 11 | AB84: 0
A85: kabinet | B85: Parts | C85: Samping laci pull out | D85: =ROW()+93 -> 178 | E85: KS | G85: 0 | H85: 2 | I85: =bahan1 -> Ply | J85: =+tbl_komp_laci -> 12 | W85: 1 | X85: 1 | Y85: 1 | Z85: 0 | AA85: 1 | AB85: 0
A86: kabinet | B86: Parts | C86: Depan belakang laci | D86: =ROW()+93 -> 179 | E86: KS | G86: 1 | H86: 2 | I86: =bahan1 -> Ply | J86: =+tbl_komp_laci -> 12 | L86: =dowelØ8 -> DOWEL KAYU 4X8 | W86: 11 | X86: 11 | Y86: 11 | Z86: 0 | AA86: 0 | AB86: 0
A87: kabinet | B87: Parts | C87: Palang blk tandembox | D87: =ROW()+93 -> 180 | E87: KS | G87: 1 | H87: 1 | I87: =bahan1 -> Ply | J87: 14 | W87: 11 | X87: 11 | Y87: 11 | Z87: 11 | AA87: 0 | AB87: 0
A88: kabinet | B88: Parts | C88: Palang blk legrabox | D88: =ROW()+93 -> 181 | E88: KS | G88: 1 | H88: 1 | I88: =bahan1 -> Ply | J88: 14 | W88: 11 | X88: 11 | Y88: 11 | Z88: 0 | AA88: 0 | AB88: 0
A89: kabinet | B89: Parts | C89: Palang blk merivobox | D89: =ROW()+93 -> 182 | E89: KS | G89: 1 | H89: 1 | I89: =bahan1 -> Ply | J89: 14 | W89: 11 | X89: 11 | Y89: 11 | Z89: 11 | AA89: 0 | AB89: 0
A90: kabinet | B90: Parts | C90: Palang blk avantech | D90: =ROW()+93 -> 183 | E90: KS | G90: 1 | H90: 1 | I90: =bahan1 -> Ply | J90: 14 | W90: 11 | X90: 11 | Y90: 11 | Z90: 11 | AA90: 0 | AB90: 0
A91: kabinet | B91: Parts | C91: Palang blk pull out | D91: =ROW()+93 -> 184 | E91: KS | G91: 0 | H91: 1 | I91: =bahan1 -> Ply | J91: =+tbl_komp_laci -> 12 | W91: 1 | X91: 1 | Y91: 1 | Z91: 0 | AA91: 0 | AB91: 0
A92: kabinet | B92: Parts | C92: Dasar laci | D92: =ROW()+93 -> 185 | E92: KS | G92: 1 | H92: 1 | I92: =bahan1 -> Ply | J92: =Spek!$D$30 -> 6 | W92: 9 | X92: 11 | Y92: 0 | Z92: 0 | AA92: 0 | AB92: 0 | AD92: =_rel4 -> REL TANDEM BLUM FULL EXT INTG P.500
A93: kabinet | B93: Parts | C93: Dasar laci Pull Out | D93: =ROW()+93 -> 186 | E93: KS | G93: 1 | H93: 1 | I93: =bahan1 -> Ply | J93: 18 | O93: =sikubr -> SIKU BR 012 | W93: 11 | X93: 11 | Y93: 11 | Z93: 11 | AA93: 11 | AB93: 11 | AD93: =_rel4 -> REL TANDEM BLUM FULL EXT INTG P.500
A94: kabinet | B94: Parts | C94: Dasar laci Pull Out │ | D94: =ROW()+93 -> 187 | E94: KS | G94: 0 | H94: 1 | I94: =bahan1 -> Ply | J94: 18 | O94: =sikubr -> SIKU BR 012 | W94: 1 | X94: 1 | Y94: 1 | Z94: 1 | AA94: 1 | AB94: 1 | AD94: =_rel4 -> REL TANDEM BLUM FULL EXT INTG P.500
A95: kabinet | B95: Parts | C95: Dasar laci Pull Out• | D95: =ROW()+93 -> 188 | E95: KS | G95: 0 | H95: 1 | I95: =bahan1 -> Ply | J95: 18 | O95: =sikubr -> SIKU BR 012 | W95: 3 | X95: 3 | Y95: 3 | Z95: 3 | AA95: 3 | AB95: 3 | AD95: =_rel4 -> REL TANDEM BLUM FULL EXT INTG P.500
A96: kabinet | B96: Parts | C96: Dasar laci tandembox | D96: =ROW()+93 -> 189 | E96: KS | G96: 1 | H96: 1 | I96: =bahan1 -> Ply | J96: 14 | W96: 11 | X96: 11 | Y96: 0 | Z96: 0 | AA96: 0 | AB96: 0 | AD96: =_rel6 -> LACI B1S1 INTE BLUMO
A97: kabinet | B97: Parts | C97: Dasar laci legrabox | D97: =ROW()+93 -> 190 | E97: KS | G97: 1 | H97: 1 | I97: =bahan1 -> Ply | J97: 14 | W97: 11 | X97: 11 | Y97: 11 | Z97: 0 | AA97: 0 | AB97: 0 | AD97: =_rel2 -> LEGRABOX S4 OG (ORION GREY)
A98: kabinet | B98: Parts | C98: Dasar laci merivobox | D98: =ROW()+93 -> 191 | E98: KS | G98: 1 | H98: 1 | I98: =bahan1 -> Ply | J98: 14 | W98: 11 | X98: 11 | Y98: 0 | Z98: 0 | AA98: 0 | AB98: 0 | AD98: =_rel11 -> LACI MERIVOBOX S2 + KACA ORION GREY
A99: kabinet | B99: Parts | C99: Dasar laci avantech | D99: =ROW()+93 -> 192 | E99: KS | G99: 1 | H99: 1 | I99: =bahan1 -> Ply | J99: 14 | W99: 11 | X99: 11 | Y99: 0 | Z99: 0 | AA99: 0 | AB99: 0 | AD99: =_rel14 -> Avantech You 251 P.500mm
A100: kabinet | B100: Parts | C100: Dasar laci tiebox | D100: =ROW()+93 -> 193 | E100: KS | G100: 1 | H100: 1 | I100: =bahan1 -> Ply | J100: =+tbl_komp_laci -> 12 | W100: 11 | X100: 11 | Y100: 11 | Z100: 0 | AA100: 0 | AB100: 0 | AD100: =_rel4 -> REL TANDEM BLUM FULL EXT INTG P.500
A101: kabinet | B101: Parts | C101: Dasar laci tiebox│ | D101: =ROW()+93 -> 194 | E101: KS | G101: 0 | H101: 1 | I101: =bahan1 -> Ply | J101: =+tbl_komp_laci -> 12 | W101: 1 | X101: 1 | Y101: 1 | Z101: 0 | AA101: 0 | AB101: 0 | AD101: =_rel4 -> REL TANDEM BLUM FULL EXT INTG P.500
A102: kabinet | B102: Parts | C102: Dasar laci tiebox• | D102: =ROW()+93 -> 195 | E102: KS | G102: 0 | H102: 1 | I102: =bahan1 -> Ply | J102: =+tbl_komp_laci -> 12 | W102: 3 | X102: 3 | Y102: 3 | Z102: 0 | AA102: 0 | AB102: 0 | AD102: =_rel4 -> REL TANDEM BLUM FULL EXT INTG P.500
A103: kabinet | B103: Parts | C103: Sekat Tiebox | D103: =ROW()+93 -> 196 | E103: KS | G103: 1 | H103: 1 | I103: =bahan1 -> Ply | J103: =+tbl_komp_laci -> 12 | W103: 11 | X103: 11 | Y103: 11 | Z103: 0 | AA103: 0 | AB103: 0
A104: kabinet | B104: Parts | C104: Sekat Tiebox│ | D104: =ROW()+93 -> 197 | E104: KS | G104: 0 | H104: 1 | I104: =bahan1 -> Ply | J104: =+tbl_komp_laci -> 12 | W104: 1 | X104: 1 | Y104: 1 | Z104: 0 | AA104: 0 | AB104: 0
A105: kabinet | B105: Parts | C105: Sekat Rak Botol | D105: =ROW()+93 -> 198 | E105: KS | G105: 0 | I105: =bahan1 -> Ply | J105: 18 | W105: 1 | X105: 1 | Y105: 1 | Z105: 0 | AA105: 0 | AB105: 0
A106: kabinet | B106: Parts | C106: Sekat MCT | D106: =ROW()+93 -> 199 | E106: KS | G106: 1 | I106: =bahan1 -> Ply | J106: =+tbl_komp_laci -> 12 | W106: 11 | X106: 11 | Y106: 11 | Z106: 0 | AA106: 0 | AB106: 0
A107: pintu | B107: Parts | C107: Pintu | D107: =ROW()+152 -> 259 | E107: ─ | G107: 0 | I107: =bahan5 -> Ply | J107: 18 | W107: 1 | X107: =IF(Spek!$A$35=11,11,W107) -> 11 | Y107: 1 | Z107: 1 | AA107: 1 | AB107: 1 | AE107: =engsel1 -> ENGSEL CLIP TOP 107 DEG INTEGRATED 75 B 1550 + 173 L 6100
A108: pintu | B108: Parts | C108: Pintu dlm | D108: =ROW()+152 -> 260 | E108: ─ | G108: 1 | I108: =bahan5 -> Ply | J108: 18 | W108: 11 | X108: =IF(Spek!$A$35=11,11,W108) -> 11 | Y108: 11 | Z108: 11 | AA108: 11 | AB108: 11 | AE108: =engsel1 -> ENGSEL CLIP TOP 107 DEG INTEGRATED 75 B 1550 + 173 L 6100
A109: pintu | B109: Parts | C109: Pintu│ | D109: =ROW()+152 -> 261 | E109: ─ | G109: 0 | I109: =bahan5 -> Ply | J109: 18 | W109: 1 | X109: =+W109 -> 1 | Y109: 1 | Z109: 1 | AA109: 1 | AB109: 1 | AE109: =engsel1 -> ENGSEL CLIP TOP 107 DEG INTEGRATED 75 B 1550 + 173 L 6100
A110: pintu | B110: Parts | C110: Pintu• | D110: =ROW()+152 -> 262 | E110: ─ | G110: 0 | I110: =bahan5 -> Ply | J110: 18 | W110: 3 | X110: =IF(Spek!$A$35=11,11,W110) -> 11 | Y110: 3 | Z110: 3 | AA110: 3 | AB110: 3 | AE110: =engsel1 -> ENGSEL CLIP TOP 107 DEG INTEGRATED 75 B 1550 + 173 L 6100
A111: pintu | B111: Parts | C111: Pintu♦ | D111: =ROW()+152 -> 263 | E111: ─ | G111: 0 | I111: =bahan5 -> Ply | J111: 18 | W111: 5 | X111: =IF(Spek!$A$35=11,11,W111) -> 11 | Y111: 5 | Z111: 5 | AA111: 5 | AB111: 5 | AE111: =engsel1 -> ENGSEL CLIP TOP 107 DEG INTEGRATED 75 B 1550 + 173 L 6100
...

Sheet Breakdown
AP9: Bon Anodize
R10: Material | T10: Lapisan | Y10: Edging | AP10: batangan | AS10: per ukuran
A11: id | B11: cat. | C11: type | D11: kode | E11: Tpk | F11: Opt | G11: No | H11: Komponen | I11: Proses Khusus | J11: P | K11: x | L11: L | M11: x | N11: T | O11: Ukuran | P11: Sub | Q11: Jml | R11: Bahan | S11: T Bahan | T11: L | U11: D | V11: Luar | W11: T | X11: Dalam | Y11: T | Z11: P1 | AA11: P2 | AB11: L1 | AC11: L2 | AD11: P1 | AE11: P2 | AF11: L1 | AG11: L2 | AH11: Profil 3 | AI11: Profil 2 | AJ11: Profil | AK11: Siku joint | AL11: Screw Jf | AM11: Door mec | AN11: Rel | AO11: Engsel | AP11: V | AQ11: V2 | AR11: H | AS11: Nama barang | AT11: Panjang | AU11: Jumlah | AV11: x | AW11: V lap | AX11: V edg | AY11: Deskripsi lapisan | AZ11: Deskripsi edging | BA11: Deskripsi Komponen | BB11: Nama Komponen | BC11: x | BD11: Minifix | BE11: Dowel | BF11: @siku | BG11: @ screw | BH11: Dormec | BI11: Engsel | BJ11: Rel | BK11: P | BL11: L | BM11: 2(P+L) | BN11: (PxL) | BO11: Bahan Dasar | BP11: Deskripsi Bahan | BQ11: /panel | BR11: jumlah anodize @ | BS11: minifix @ | BT11: dowel @ | BU11: jml siku | BV11: jml screw | BW11: M² | BX11: M³ | BY11: T_P1 | BZ11: T_P2 | CA11: T_L1 | CB11: T_L2 | CC11: P_cnc | CD11: L_cnc | CE11: ukuran CNC | CF11: CSV Format
BY12: =IFERROR(INDEX((tbl_edg),MATCH($AD12,Edg,0)),"") | BZ12: =IFERROR(INDEX((tbl_edg),MATCH($AE12,Edg,0)),"") | CA12: =IFERROR(INDEX((tbl_edg),MATCH($AF12,Edg,0)),"") | CB12: =IFERROR(INDEX((tbl_edg),MATCH($AG12,Edg,0)),"")
A14: =IFERROR(INDEX((ID),MATCH(H14,BARANG,0)),"…") -> … | B14: =IFERROR(INDEX((cprt),MATCH($H14,Prt,0)),"…") -> … | C14: Set_up | D14: =(INDEX(KS_Set,MATCH($H14,Set_prt,0))) -> [ks] | E14: A | F14: =IFERROR(INDEX((opt),MATCH($H14,Prt,0)),"") | G14: =IFERROR(INDEX((no_ref),MATCH($H14,ref,0)),"...") -> • | H14: Back Panel Rangka (rakit tukang) | J14: 2000 | K14: x | L14: 209 | M14: x | N14: 75 | O14: =CONCATENATE(J14," ",K14," ",L14," ",M14," ",N14) -> 2000 x 209 x 75 | Q14: 1 | AD14: =IF($B14="alu",(INDEX((Fr),MATCH(Z14,cfr,0))),INDEX((te),MATCH(Z14,cte,0))) | AE14: =IF($B14="alu",(INDEX((Fr),MATCH(AA14,cfr,0))),INDEX((te),MATCH(AA14,cte,0))) | AF14: =IF($B14="alu",(INDEX((Fr),MATCH(AB14,cfr,0))),INDEX((te),MATCH(AB14,cte,0))) | AG14: =IF($B14="alu",(INDEX((Fr),MATCH(AC14,cfr,0))),INDEX((te),MATCH(AC14,cte,0))) | AK14: =IFERROR(INDEX((std_siku_prt),MATCH($H14,Prt,0)),"") | AL14: =IFERROR(INDEX((std_screw_prt),MATCH($H14,Prt,0)),"") | AP14: =IFERROR(INDEX((std_anodizev_proses),MATCH($I14,pk,0)),"") | AQ14: =IFERROR(INDEX((std_anodizev2_proses),MATCH($I14,pk,0)),"") | AR14: =IFERROR(INDEX((std_anodizeh_proses),MATCH($I14,pk,0)),"") | AU14: =IF($AS14=0,"",Q14*BR14) | AX14: =IF($B14="alu",(CONCATENATE(VLOOKUP($AD14,tabfr,2,0),VLOOKUP($AE14,tabfr,2,0),VLOOKUP($AF14,tabfr,2,0),VLOOKUP($AG14,tabfr,2,0))),(CONCATENATE(VLOOKUP($AD14,tabte,2,0),VLOOKUP($AE14,tabte,2,0),VLOOKUP($AF14,tabte,2,0),VLOOKUP($AG14,tabte,2,0)))) -> 3333 | AY14: =IFERROR(VLOOKUP(AW14,descf,2,0),"") | AZ14: =IF($B14="alu",(VLOOKUP(AX14,descfr,2,0)),(VLOOKUP(AX14,desce,2,0))) -> - | BA14: =IF($R14=0,CONCATENATE(0,")"," ",$H14," ",$J14),CONCATENATE(VLOOKUP(H14,tabprt,2,0),")",$H14,"_",AY14)) -> 0) Back Panel Rangka (rakit tukang) 2000 | BB14: =IF($B14="…",CONCATENATE(0,$E14,")"," ",$H14),IF($B14="kc",CONCATENATE(VLOOKUP(H14,tabprt,2,0),")",$H14," ",$R14," ",$S14,"mm"," ","-"," "," ",";"," ",$AZ14," ",$I14),IF($B14="alu",CONCATENATE(VLOOKUP(H14,tabprt,2,0),")",$H14," ",$R14," ",$S14,"mm"," ","-"," "," ",";"," ",$AZ14," ",$I14),CONCATENATE(VLOOKUP(H14,tabprt,2,0),")",$H14," ",$R14," ",$S14,"mm"," ","-"," ",$AY14," ",";"," ",$AZ14," ",$I14)))) -> 0A) Back Panel Rangka (rakit tukang) | BD14: =IFERROR(INDEX((std_minifix_prt),MATCH($H14,Prt,0)),"") | BE14: =IFERROR(INDEX((std_dowel_prt),MATCH($H14,Prt,0)),"") | BH14: =IF($AM14=0,0,1)*Q14 -> 0 | BI14: =IF($AO14=0,0,IF(J14<=fp,2,(ROUNDUP(J14/fp,0))))*Q14 -> 0 | BJ14: =IF($AN14=0,0,1)*Q14 -> 0 | BK14: =(($J14+tol_p)*$Q14)/1000 -> 2.04 | BL14: =(($L14+tol_p)*$Q14)/1000 -> 0.249 | BM14: =IF(R14=0,0,((2*((J14+tol_p)+(L14+tol_p))*Q14)/1000)) -> 0 | BO14: =CONCATENATE(R14,"_",S14) -> _ | BP14: =CONCATENATE(R14," ",S14," ",AY14) | BQ14: =((J14*L14*Q14)/(2400*1200))+10% -> 0.24513889 | BR14: =IFERROR(INDEX((std_jml_anodize_per_uk),MATCH($H14,Prt,0)),"") | BS14: =IF($BD14=0,0,IF($L14<150,2,((ROUNDUP($L14/fm,0)*2))))*$Q14 -> 2 | BT14: =IF($BE14=0,0,IF($L14<150,2,((ROUNDUP($L14/fd,0)*2))))*$Q14 -> 4 | BW14: =+((J14*L14)*Q14)/1000000 -> 0.418 | BX14: =+((J14*L14*N14)*Q14)/1000000000 -> 0.03135 | BY14: =IFERROR(INDEX((tbl_edg),MATCH($AD14,Edg,0)),"") | BZ14: =IFERROR(INDEX((tbl_edg),MATCH($AE14,Edg,0)),"") | CA14: =IFERROR(INDEX((tbl_edg),MATCH($AF14,Edg,0)),"") | CB14: =IFERROR(INDEX((tbl_edg),MATCH($AG14,Edg,0)),"") | CC14: =IFERROR((J14-CA14-CB14),"") | CD14: =IFERROR((L14-BY14-BZ14),"") | CE14: =IFERROR((CONCATENATE(CC14," ","x"," ",CD14," ","x"," ",N14)),"") -> x x 75 | CF14: =IF(F14=1,(CONCATENATE(J14,";",L14,";",Q14,";",BP14,";",N14,";",H14,";","-1",";",AF14,";",CA14,";",AG14,";",CB14,";",AD14,";",BY14,";",AE14,";",BZ14))," ")
A15: =IFERROR(INDEX((ID),MATCH(H15,BARANG,0)),"…") -> … | B15: =IFERROR(INDEX((cprt),MATCH($H15,Prt,0)),"…") -> pintu | C15: prt | D15: =IFERROR(INDEX((KS),MATCH($H15,Prt,0)),"") -> KS | E15: A» | F15: =IFERROR(INDEX((opt),MATCH($H15,Prt,0)),"") -> 0 | G15: =IFERROR(INDEX((no_ref),MATCH($H15,ref,0)),"...") -> ... | H15: Back Panel Rangka | J15: =+J14 -> 2000 | K15: x | L15: =+L14 -> 209 | M15: x | N15: =+(S15+W15+Y15) -> 19 | O15: =CONCATENATE(J15," ",K15," ",L15," ",M15," ",N15) -> 2000 x 209 x 19 | P15: =IFERROR(INDEX((std_sub_prt),MATCH($H15,Prt,0)),"") -> 1 | Q15: =P15*Q14 -> 1 | R15: =IFERROR(INDEX((std_bhn_prt),MATCH($H15,Prt,0)),"") -> Ply | S15: =IFERROR(INDEX((std_Tbahan_prt),MATCH($H15,Prt,0)),"") -> 18 | T15: =INDEX((std_lapisan_luar_prt),MATCH($H15,Prt,0)) -> 1 | U15: =INDEX((std_lapisan_dalam_prt),MATCH($H15,Prt,0)) -> 0 | V15: =IFERROR(INDEX((tf),MATCH(T15,ctf,0)),"") -> WY_5216_D(V) | W15: =IFERROR(INDEX((tebal_lapisan),MATCH($V15,tf,0)),"") -> 1 | X15: =IFERROR(INDEX((tf),MATCH(U15,ctf,0)),"") -> Polos | Y15: =IFERROR(INDEX((tebal_lapisan),MATCH($X15,tf,0)),"") -> 0 | Z15: =INDEX((std_edg_P1_prt),MATCH($H15,Prt,0)) -> 1 | AA15: =INDEX((std_edg_P2_prt),MATCH($H15,Prt,0)) -> 1 | AB15: =INDEX((std_edg_L1_prt),MATCH($H15,Prt,0)) -> 1 | AC15: =INDEX((std_edg_L2_prt),MATCH($H15,Prt,0)) -> 1 | AD15: =IF($B15="alu",(INDEX((Fr),MATCH(Z15,cfr,0))),INDEX((te),MATCH(Z15,cte,0))) -> Edg_EAW_5216D1 | AE15: =IF($B15="alu",(INDEX((Fr),MATCH(AA15,cfr,0))),INDEX((te),MATCH(AA15,cte,0))) -> Edg_EAW_5216D1 | AF15: =IF($B15="alu",(INDEX((Fr),MATCH(AB15,cfr,0))),INDEX((te),MATCH(AB15,cte,0))) -> Edg_EAW_5216D1 | AG15: =IF($B15="alu",(INDEX((Fr),MATCH(AC15,cfr,0))),INDEX((te),MATCH(AC15,cte,0))) -> Edg_EAW_5216D1 | AH15: =IFERROR(INDEX((std_profil3_prt),MATCH($H15,Prt,0)),"") -> 0 | AI15: =IFERROR(INDEX((std_profil2_prt),MATCH($H15,Prt,0)),"") -> 0 | AJ15: =IFERROR(INDEX((std_profil_prt),MATCH($H15,Prt,0)),"") -> 0 | AK15: =IFERROR(INDEX((std_siku_prt),MATCH($H15,Prt,0)),"") -> 0 | AL15: =IFERROR(INDEX((std_screw_prt),MATCH($H15,Prt,0)),"") -> 0 | AN15: =IFERROR(INDEX((std_rel_prt),MATCH($H15,Prt,0)),"") -> 0 | AO15: =IFERROR(INDEX((std_engsel_prt),MATCH($H15,Prt,0)),"") -> 0 | AP15: =IFERROR(INDEX((std_anodizev_proses),MATCH($I15,pk,0)),"") | AQ15: =IFERROR(INDEX((std_anodizev2_proses),MATCH($I15,pk,0)),"") | AR15: =IFERROR(INDEX((std_anodizeh_proses),MATCH($I15,pk,0)),"") | AS15: =IFERROR(INDEX((std_anodize_per_ukuran),MATCH($H15,Prt,0)),"") -> 0 | AT15: =IF($AS15=edging7,L15,IF($AS15=edging8,L15,IF($AS15=edging9,L15,IF($AS15=Hand1,J14,IF($AS15=Hand2,L14,IF($AS15=hand3,"diisi manual",IF($AS15=hand4,"diisi manual",IF($AS15=hand5,"diisi manual",IF($AS15=mled02,J15,IF($AS15=mprf1,J15,IF($AS15=mlis1,J15,""))))))))))) | AU15: =IF($AS15="","",Q15*BR15) -> 0 | AW15: =CONCATENATE(VLOOKUP($V15,tabtf,2,0),VLOOKUP($X15,tabtf,2,0)) -> 13 | AX15: =IF($B15="alu",(CONCATENATE(VLOOKUP($AD15,tabfr,2,0),VLOOKUP($AE15,tabfr,2,0),VLOOKUP($AF15,tabfr,2,0),VLOOKUP($AG15,tabfr,2,0))),(CONCATENATE(VLOOKUP($AD15,tabte,2,0),VLOOKUP($AE15,tabte,2,0),VLOOKUP($AF15,tabte,2,0),VLOOKUP($AG15,tabte,2,0)))) -> 4444 | AY15: =IFERROR(VLOOKUP(AW15,descf,2,0),"") -> WY_5216_D(V)_1mk_Polos | AZ15: =IF($B15="alu",(VLOOKUP(AX15,descfr,2,0)),(VLOOKUP(AX15,desce,2,0))) -> Edg_EAW_5216D1_Keliling | BA15: =IF($R15=0,CONCATENATE(0,")"," ",$H15," ",$J15),CONCATENATE(VLOOKUP(H15,tabprt,2,0),")",$H15,"_",AY15)) -> 403)Back Panel Rangka_WY_5216_D(V)_1mk_Polos | BB15: =IF($B15="…",CONCATENATE(0,$E15,")"," ",$H15),IF($B15="kc",CONCATENATE(VLOOKUP(H15,tabprt,2,0),")",$H15," ",$R15," ",$S15,"mm"," ","-"," "," ",";"," ",$AZ15," ",$I15),IF($B15="alu",CONCATENATE(VLOOKUP(H15,tabprt,2,0),")",$H15," ",$R15," ",$S15,"mm"," ","-"," "," ",";"," ",$AZ15," ",$I15),CONCATENATE(VLOOKUP(H15,tabprt,2,0),")",$H15," ",$R15," ",$S15,"mm"," ","-"," ",$AY15," ",";"," ",$AZ15," ",$I15)))) -> 403)Back Panel Rangka Ply 18mm - WY_5216_D(V)_1mk_Polos ; Edg_EAW_5216D1_Keliling | BD15: =IFERROR(INDEX((std_minifix_prt),MATCH($H15,Prt,0)),"") -> 0 | BE15: =IFERROR(INDEX((std_dowel_prt),MATCH($H15,Prt,0)),"") -> 0 | BF15: =IFERROR(INDEX((std_j_sikufr_prt),MATCH($H15,Prt,0)),"")*Q15 -> 0 | BG15: =IFERROR(INDEX((std_j_screwjf_prt),MATCH($H15,Prt,0)),"")*Q15 -> 0 | BH15: =IF($AM15=0,0,1)*Q15 -> 0 | BI15: =IF($AO15=0,0,IF(J15<=fp,2,(ROUNDUP(J15/fp,0))))*Q15 -> 0 | BJ15: =IF($AN15=0,0,1)*Q15 -> 0 | BK15: =(($J15+tol_p)*$Q15)/1000 -> 2.04 | BL15: =(($L15+tol_p)*$Q15)/1000 -> 0.249 | BM15: =IF(R15=0,0,((2*((J15+tol_p)+(L15+tol_p))*Q15)/1000)) -> 4.578 | BN15: =((J15*L15)/1000000)*Q15 -> 0.418 | BO15: =CONCATENATE(R15,"_",S15) -> Ply_18 | BP15: =CONCATENATE(R15," ",S15," ",AY15) -> Ply 18 WY_5216_D(V)_1mk_Polos | BQ15: =((J15*L15*Q15)/(2400*1200))+10% -> 0.24513889 | BR15: =IFERROR(INDEX((std_jml_anodize_per_uk),MATCH($H15,Prt,0)),"") -> 0 | BS15: =IF($BD15=0,0,IF($L15<150,2,((ROUNDUP($L15/fm,0)*2))))*$Q15 -> 0 | BT15: =IF($BE15=0,0,IF($L15<150,2,((ROUNDUP($L15/fd,0)*2))))*$Q15 -> 0 | BU15: =BF15*$Q15 -> 0 | BV15: =BG15*$Q15 -> 0 | BW15: =+((J15*L15)*Q15)/1000000 -> 0.418 | BX15: =+((J15*L15*N15)*Q15)/1000000000 -> 0.007942 | BY15: =IFERROR(INDEX((tbl_edg),MATCH($AD15,Edg,0)),"") | BZ15: =IFERROR(INDEX((tbl_edg),MATCH($AE15,Edg,0)),"") | CA15: =IFERROR(INDEX((tbl_edg),MATCH($AF15,Edg,0)),"") | CB15: =IFERROR(INDEX((tbl_edg),MATCH($AG15,Edg,0)),"") | CC15: =IFERROR((J15-CA15-CB15),"") | CD15: =IFERROR((L15-BY15-BZ15),"") | CE15: =IFERROR((CONCATENATE(CC15," ","x"," ",CD15," ","x"," ",N15)),"") -> x x 19 | CF15: =IF(F15=1,(CONCATENATE(J15,";",L15,";",Q15,";",BP15,";",N15,";",H15,";","-1",";",AF15,";",CA15,";",AG15,";",CB15,";",AD15,";",BY15,";",AE15,";",BZ15))," ")
A16: =IFERROR(INDEX((ID),MATCH(H16,BARANG,0)),"…") -> … | B16: =IFERROR(INDEX((cprt),MATCH($H16,Prt,0)),"…") -> pintu | C16: prt | D16: =IFERROR(INDEX((KS),MATCH($H16,Prt,0)),"") -> KS | E16: A | F16: =IFERROR(INDEX((opt),MATCH($H16,Prt,0)),"") -> 1 | G16: =IFERROR(INDEX((no_ref),MATCH($H16,ref,0)),"...") -> ... | H16: Rangka back panel | J16: 2430 | K16: x | L16: =ROUNDDOWN(N14-N15-tol,0) -> 55 | M16: x | N16: =+(S16+W16+Y16) -> 18.5 | O16: =CONCATENATE(J16," ",K16," ",L16," ",M16," ",N16) -> 2430 x 55 x 18,5 | P16: =ROUNDUP((((2*J14)+(4*L14))/2440),0) -> 2 | Q16: =+P16*Q14 -> 2 | R16: =IFERROR(INDEX((std_bhn_prt),MATCH($H16,Prt,0)),"") -> Ply | S16: =IFERROR(INDEX((std_Tbahan_prt),MATCH($H16,Prt,0)),"") -> 18 | T16: =INDEX((std_lapisan_luar_prt),MATCH($H16,Prt,0)) -> 0 | U16: =INDEX((std_lapisan_dalam_prt),MATCH($H16,Prt,0)) -> 22 | V16: =IFERROR(INDEX((tf),MATCH(T16,ctf,0)),"") -> Polos | W16: =IFERROR(INDEX((tebal_lapisan),MATCH($V16,tf,0)),"") -> 0 | X16: =IFERROR(INDEX((tf),MATCH(U16,ctf,0)),"") -> Aica | Y16: =IFERROR(INDEX((tebal_lapisan),MATCH($X16,tf,0)),"") -> 0.5 | Z16: =INDEX((std_edg_P1_prt),MATCH($H16,Prt,0)) -> 0 | AA16: =INDEX((std_edg_P2_prt),MATCH($H16,Prt,0)) -> 9 | AB16: =INDEX((std_edg_L1_prt),MATCH($H16,Prt,0)) -> 0 | AC16: =INDEX((std_edg_L2_prt),MATCH($H16,Prt,0)) -> 0 | AD16: =IF($B16="alu",(INDEX((Fr),MATCH(Z16,cfr,0))),INDEX((te),MATCH(Z16,cte,0))) | AE16: =IF($B16="alu",(INDEX((Fr),MATCH(AA16,cfr,0))),INDEX((te),MATCH(AA16,cte,0))) -> Melanor | AF16: =IF($B16="alu",(INDEX((Fr),MATCH(AB16,cfr,0))),INDEX((te),MATCH(AB16,cte,0))) | AG16: =IF($B16="alu",(INDEX((Fr),MATCH(AC16,cfr,0))),INDEX((te),MATCH(AC16,cte,0))) | AH16: =IFERROR(INDEX((std_profil3_prt),MATCH($H16,Prt,0)),"") -> 0 | AI16: =IFERROR(INDEX((std_profil2_prt),MATCH($H16,Prt,0)),"") -> 0 | AJ16: =IFERROR(INDEX((std_profil_prt),MATCH($H16,Prt,0)),"") -> 0 | AK16: =IFERROR(INDEX((std_siku_prt),MATCH($H16,Prt,0)),"") -> 0 | AL16: =IFERROR(INDEX((std_screw_prt),MATCH($H16,Prt,0)),"") -> 0 | AN16: =IFERROR(INDEX((std_rel_prt),MATCH($H16,Prt,0)),"") -> 0 | AO16: =IFERROR(INDEX((std_engsel_prt),MATCH($H16,Prt,0)),"") -> 0 | AP16: =IFERROR(INDEX((std_anodizev_proses),MATCH($I16,pk,0)),"") | AQ16: =IFERROR(INDEX((std_anodizev2_proses),MATCH($I16,pk,0)),"") | AR16: =IFERROR(INDEX((std_anodizeh_proses),MATCH($I16,pk,0)),"") | AS16: =IFERROR(INDEX((std_anodize_per_ukuran),MATCH($H16,Prt,0)),"") -> 0 | AT16: =IF($AS16=edging7,L16,IF($AS16=edging8,L16,IF($AS16=edging9,L16,IF($AS16=Hand1,J15,IF($AS16=Hand2,L15,IF($AS16=hand3,"diisi manual",IF($AS16=hand4,"diisi manual",IF($AS16=hand5,"diisi manual",IF($AS16=mled02,J16,IF($AS16=mprf1,J16,IF($AS16=mlis1,J16,""))))))))))) | AU16: =IF($AS16="","",Q16*BR16) -> 0 | AW16: =CONCATENATE(VLOOKUP($V16,tabtf,2,0),VLOOKUP($X16,tabtf,2,0)) -> 37 | AX16: =IF($B16="alu",(CONCATENATE(VLOOKUP($AD16,tabfr,2,0),VLOOKUP($AE16,tabfr,2,0),VLOOKUP($AF16,tabfr,2,0),VLOOKUP($AG16,tabfr,2,0))),(CONCATENATE(VLOOKUP($AD16,tabte,2,0),VLOOKUP($AE16,tabte,2,0),VLOOKUP($AF16,tabte,2,0),VLOOKUP($AG16,tabte,2,0)))) -> 3233 | AY16: =IFERROR(VLOOKUP(AW16,descf,2,0),"") -> Aica_1mk_Polos | AZ16: =IF($B16="alu",(VLOOKUP(AX16,descfr,2,0)),(VLOOKUP(AX16,desce,2,0))) -> Melanor_1sisi_pjg | BA16: =IF($R16=0,CONCATENATE(0,")"," ",$H16," ",$J16),CONCATENATE(VLOOKUP(H16,tabprt,2,0),")",$H16,"_",AY16)) -> 414)Rangka back panel_Aica_1mk_Polos | BB16: =IF($B16="…",CONCATENATE(0,$E16,")"," ",$H16),IF($B16="kc",CONCATENATE(VLOOKUP(H16,tabprt,2,0),")",$H16," ",$R16," ",$S16,"mm"," ","-"," "," ",";"," ",$AZ16," ",$I16),IF($B16="alu",CONCATENATE(VLOOKUP(H16,tabprt,2,0),")",$H16," ",$R16," ",$S16,"mm"," ","-"," "," ",";"," ",$AZ16," ",$I16),CONCATENATE(VLOOKUP(H16,tabprt,2,0),")",$H16," ",$R16," ",$S16,"mm"," ","-"," ",$AY16," ",";"," ",$AZ16," ",$I16)))) -> 414)Rangka back panel Ply 18mm - Aica_1mk_Polos ; Melanor_1sisi_pjg | BD16: =IFERROR(INDEX((std_minifix_prt),MATCH($H16,Prt,0)),"") -> 0 | BE16: =IFERROR(INDEX((std_dowel_prt),MATCH($H16,Prt,0)),"") -> 0 | BF16: =IFERROR(INDEX((std_j_sikufr_prt),MATCH($H16,Prt,0)),"")*Q16 -> 0 | BG16: =IFERROR(INDEX((std_j_screwjf_prt),MATCH($H16,Prt,0)),"")*Q16 -> 0 | BH16: =IF($AM16=0,0,1)*Q16 -> 0 | BI16: =IF($AO16=0,0,IF(J16<=fp,2,(ROUNDUP(J16/fp,0))))*Q16 -> 0 | BJ16: =IF($AN16=0,0,1)*Q16 -> 0 | BK16: =(($J16+tol_p)*$Q16)/1000 -> 4.94 | BL16: =(($L16+tol_p)*$Q16)/1000 -> 0.19 | BM16: =IF(R16=0,0,((2*((J16+tol_p)+(L16+tol_p))*Q16)/1000)) -> 10.26 | BN16: =((J16*L16)/1000000)*Q16 -> 0.2673 | BO16: =CONCATENATE(R16,"_",S16) -> Ply_18 | BP16: =CONCATENATE(R16," ",S16," ",AY16) -> Ply 18 Aica_1mk_Polos | BQ16: =((J16*L16*Q16)/(2400*1200))+10% -> 0.1928125 | BR16: =IFERROR(INDEX((std_jml_anodize_per_uk),MATCH($H16,Prt,0)),"") -> 0 | BS16: =IF($BD16=0,0,IF($L16<150,2,((ROUNDUP($L16/fm,0)*2))))*$Q16 -> 0 | BT16: =IF($BE16=0,0,IF($L16<150,2,((ROUNDUP($L16/fd,0)*2))))*$Q16 -> 0 | BU16: =BF16*$Q16 -> 0 | BV16: =BG16*$Q16 -> 0 | BW16: =+((J16*L16)*Q16)/1000000 -> 0.2673 | BX16: =+((J16*L16*N16)*Q16)/1000000000 -> 0.00494505 | BY16: =IFERROR(INDEX((tbl_edg),MATCH($AD16,Edg,0)),"") | BZ16: =IFERROR(INDEX((tbl_edg),MATCH($AE16,Edg,0)),"") -> 0.5 | CA16: =IFERROR(INDEX((tbl_edg),MATCH($AF16,Edg,0)),"") | CB16: =IFERROR(INDEX((tbl_edg),MATCH($AG16,Edg,0)),"") | CC16: =IFERROR((J16-CA16-CB16),"") | CD16: =IFERROR((L16-BY16-BZ16),"") | CE16: =IFERROR((CONCATENATE(CC16," ","x"," ",CD16," ","x"," ",N16)),"") -> x x 18,5 | CF16: =IF(F16=1,(CONCATENATE(J16,";",L16,";",Q16,";",BP16,";",N16,";",H16,";","-1",";",AF16,";",CA16,";",AG16,";",CB16,";",AD16,";",BY16,";",AE16,";",BZ16))," ") -> 2430;55;2;Ply 18 Aica_1mk_Polos;18,5;Rangka back panel;-1; ;; ;; ;;Melanor;0,5
A18: =IFERROR(INDEX((ID),MATCH(H18,BARANG,0)),"…") -> … | B18: =IFERROR(INDEX((cprt),MATCH($H18,Prt,0)),"…") -> pintu | C18: prt | D18: =IFERROR(INDEX((KS),MATCH($H18,Prt,0)),"") -> KS | E18: A | F18: =IFERROR(INDEX((opt),MATCH($H18,Prt,0)),"") -> 0 | G18: =IFERROR(INDEX((no_ref),MATCH($H18,ref,0)),"...") -> ... | H18: Braket miring | J18: =+ROUNDDOWN(L14-N16-N16,0) -> 172 | K18: x | L18: 100 | M18: x | N18: =+(S18+W18+Y18) -> 18 | O18: =CONCATENATE(J18," ",K18," ",L18," ",M18," ",N18) -> 172 x 100 x 18 | P18: 4 | Q18: =+P18*Q14 -> 4 | R18: =IFERROR(INDEX((std_bhn_prt),MATCH($H18,Prt,0)),"") -> Ply | S18: =IFERROR(INDEX((std_Tbahan_prt),MATCH($H18,Prt,0)),"") -> 18 | T18: =INDEX((std_lapisan_luar_prt),MATCH($H18,Prt,0)) -> 0 | U18: =INDEX((std_lapisan_dalam_prt),MATCH($H18,Prt,0)) -> 0 | V18: =IFERROR(INDEX((tf),MATCH(T18,ctf,0)),"") -> Polos | W18: =IFERROR(INDEX((tebal_lapisan),MATCH($V18,tf,0)),"") -> 0 | X18: =IFERROR(INDEX((tf),MATCH(U18,ctf,0)),"") -> Polos | Y18: =IFERROR(INDEX((tebal_lapisan),MATCH($X18,tf,0)),"") -> 0 | Z18: =INDEX((std_edg_P1_prt),MATCH($H18,Prt,0)) -> 0 | AA18: =INDEX((std_edg_P2_prt),MATCH($H18,Prt,0)) -> 0 | AB18: =INDEX((std_edg_L1_prt),MATCH($H18,Prt,0)) -> 0 | AC18: =INDEX((std_edg_L2_prt),MATCH($H18,Prt,0)) -> 0 | AD18: =IF($B18="alu",(INDEX((Fr),MATCH(Z18,cfr,0))),INDEX((te),MATCH(Z18,cte,0))) | AE18: =IF($B18="alu",(INDEX((Fr),MATCH(AA18,cfr,0))),INDEX((te),MATCH(AA18,cte,0))) | AF18: =IF($B18="alu",(INDEX((Fr),MATCH(AB18,cfr,0))),INDEX((te),MATCH(AB18,cte,0))) | AG18: =IF($B18="alu",(INDEX((Fr),MATCH(AC18,cfr,0))),INDEX((te),MATCH(AC18,cte,0))) | AH18: =IFERROR(INDEX((std_profil3_prt),MATCH($H18,Prt,0)),"") -> 0 | AI18: =IFERROR(INDEX((std_profil2_prt),MATCH($H18,Prt,0)),"") -> 0 | AJ18: =IFERROR(INDEX((std_profil_prt),MATCH($H18,Prt,0)),"") -> 0 | AK18: =IFERROR(INDEX((std_siku_prt),MATCH($H18,Prt,0)),"") -> 0 | AL18: =IFERROR(INDEX((std_screw_prt),MATCH($H18,Prt,0)),"") -> 0 | AN18: =IFERROR(INDEX((std_rel_prt),MATCH($H18,Prt,0)),"") -> 0 | AO18: =IFERROR(INDEX((std_engsel_prt),MATCH($H18,Prt,0)),"") -> 0 | AP18: =IFERROR(INDEX((std_anodizev_proses),MATCH($I18,pk,0)),"") | AQ18: =IFERROR(INDEX((std_anodizev2_proses),MATCH($I18,pk,0)),"") | AR18: =IFERROR(INDEX((std_anodizeh_proses),MATCH($I18,pk,0)),"") | AS18: =IFERROR(INDEX((std_anodize_per_ukuran),MATCH($H18,Prt,0)),"") -> 0 | AT18: =IF($AS18=edging7,L18,IF($AS18=edging8,L18,IF($AS18=edging9,L18,IF($AS18=Hand1,J17,IF($AS18=Hand2,L17,IF($AS18=hand3,"diisi manual",IF($AS18=hand4,"diisi manual",IF($AS18=hand5,"diisi manual",IF($AS18=mled02,J18,IF($AS18=mprf1,J18,IF($AS18=mlis1,J18,""))))))))))) | AU18: =IF($AS18="","",Q18*BR18) -> 0 | AW18: =CONCATENATE(VLOOKUP($V18,tabtf,2,0),VLOOKUP($X18,tabtf,2,0)) -> 33 | AX18: =IF($B18="alu",(CONCATENATE(VLOOKUP($AD18,tabfr,2,0),VLOOKUP($AE18,tabfr,2,0),VLOOKUP($AF18,tabfr,2,0),VLOOKUP($AG18,tabfr,2,0))),(CONCATENATE(VLOOKUP($AD18,tabte,2,0),VLOOKUP($AE18,tabte,2,0),VLOOKUP($AF18,tabte,2,0),VLOOKUP($AG18,tabte,2,0)))) -> 3333 | AY18: =IFERROR(VLOOKUP(AW18,descf,2,0),"") -> Polos | AZ18: =IF($B18="alu",(VLOOKUP(AX18,descfr,2,0)),(VLOOKUP(AX18,desce,2,0))) -> - | BA18: =IF($R18=0,CONCATENATE(0,")"," ",$H18," ",$J18),CONCATENATE(VLOOKUP(H18,tabprt,2,0),")",$H18,"_",AY18)) -> 421)Braket miring_Polos | BB18: =IF($B18="…",CONCATENATE(0,$E18,")"," ",$H18),IF($B18="kc",CONCATENATE(VLOOKUP(H18,tabprt,2,0),")",$H18," ",$R18," ",$S18,"mm"," ","-"," "," ",";"," ",$AZ18," ",$I18),IF($B18="alu",CONCATENATE(VLOOKUP(H18,tabprt,2,0),")",$H18," ",$R18," ",$S18,"mm"," ","-"," "," ",";"," ",$AZ18," ",$I18),CONCATENATE(VLOOKUP(H18,tabprt,2,0),")",$H18," ",$R18," ",$S18,"mm"," ","-"," ",$AY18," ",";"," ",$AZ18," ",$I18)))) -> 421)Braket miring Ply 18mm - Polos ; - | BD18: =IFERROR(INDEX((std_minifix_prt),MATCH($H18,Prt,0)),"") -> 0 | BE18: =IFERROR(INDEX((std_dowel_prt),MATCH($H18,Prt,0)),"") -> 0 | BF18: =IFERROR(INDEX((std_j_sikufr_prt),MATCH($H18,Prt,0)),"")*Q18 -> 0 | BG18: =IFERROR(INDEX((std_j_screwjf_prt),MATCH($H18,Prt,0)),"")*Q18 -> 0 | BH18: =IF($AM18=0,0,1)*Q18 -> 0 | BI18: =IF($AO18=0,0,IF(J18<=fp,2,(ROUNDUP(J18/fp,0))))*Q18 -> 0 | BJ18: =IF($AN18=0,0,1)*Q18 -> 0 | BK18: =(($J18+tol_p)*$Q18)/1000 -> 0.848 | BL18: =(($L18+tol_p)*$Q18)/1000 -> 0.56 | BM18: =IF(R18=0,0,((2*((J18+tol_p)+(L18+tol_p))*Q18)/1000)) -> 2.816 | BN18: =((J18*L18)/1000000)*Q18 -> 0.0688 | BO18: =CONCATENATE(R18,"_",S18) -> Ply_18 | BP18: =CONCATENATE(R18," ",S18," ",AY18) -> Ply 18 Polos | BQ18: =((J18*L18*Q18)/(2400*1200))+10% -> 0.12388889 | BR18: =IFERROR(INDEX((std_jml_anodize_per_uk),MATCH($H18,Prt,0)),"") -> 0 | BS18: =IF($BD18=0,0,IF($L18<150,2,((ROUNDUP($L18/fm,0)*2))))*$Q18 -> 0 | BT18: =IF($BE18=0,0,IF($L18<150,2,((ROUNDUP($L18/fd,0)*2))))*$Q18 -> 0 | BU18: =BF18*$Q18 -> 0 | BV18: =BG18*$Q18 -> 0 | BW18: =+((J18*L18)*Q18)/1000000 -> 0.0688 | BX18: =+((J18*L18*N18)*Q18)/1000000000 -> 0.0012384 | BY18: =IFERROR(INDEX((tbl_edg),MATCH($AD18,Edg,0)),"") | BZ18: =IFERROR(INDEX((tbl_edg),MATCH($AE18,Edg,0)),"") | CA18: =IFERROR(INDEX((tbl_edg),MATCH($AF18,Edg,0)),"") | CB18: =IFERROR(INDEX((tbl_edg),MATCH($AG18,Edg,0)),"") | CC18: =IFERROR((J18-CA18-CB18),"") | CD18: =IFERROR((L18-BY18-BZ18),"") | CE18: =IFERROR((CONCATENATE(CC18," ","x"," ",CD18," ","x"," ",N18)),"") -> x x 18 | CF18: =IF(F18=1,(CONCATENATE(J18,";",L18,";",Q18,";",BP18,";",N18,";",H18,";","-1",";",AF18,";",CA18,";",AG18,";",CB18,";",AD18,";",BY18,";",AE18,";",BZ18))," ")
A21: =IFERROR(INDEX((ID),MATCH(H21,BARANG,0)),"…") -> … | B21: =IFERROR(INDEX((cprt),MATCH($H21,Prt,0)),"…") -> … | C21: Set_up | D21: =(INDEX(KS_Set,MATCH($H21,Set_prt,0))) -> [ks] | E21: A | F21: =IFERROR(INDEX((opt),MATCH($H21,Prt,0)),"") | G21: =IFERROR(INDEX((no_ref),MATCH($H21,ref,0)),"...") -> • | H21: Back Panel Rangka (rakit tukang) | J21: =1390+100 -> 1490 | K21: x | L21: 209 | M21: x | N21: 75 | O21: =CONCATENATE(J21," ",K21," ",L21," ",M21," ",N21) -> 1490 x 209 x 75 | Q21: 1 | AD21: =IF($B21="alu",(INDEX((Fr),MATCH(Z21,cfr,0))),INDEX((te),MATCH(Z21,cte,0))) | AE21: =IF($B21="alu",(INDEX((Fr),MATCH(AA21,cfr,0))),INDEX((te),MATCH(AA21,cte,0))) | AF21: =IF($B21="alu",(INDEX((Fr),MATCH(AB21,cfr,0))),INDEX((te),MATCH(AB21,cte,0))) | AG21: =IF($B21="alu",(INDEX((Fr),MATCH(AC21,cfr,0))),INDEX((te),MATCH(AC21,cte,0))) | AK21: =IFERROR(INDEX((std_siku_prt),MATCH($H21,Prt,0)),"") | AL21: =IFERROR(INDEX((std_screw_prt),MATCH($H21,Prt,0)),"") | AP21: =IFERROR(INDEX((std_anodizev_proses),MATCH($I21,pk,0)),"") | AQ21: =IFERROR(INDEX((std_anodizev2_proses),MATCH($I21,pk,0)),"") | AR21: =IFERROR(INDEX((std_anodizeh_proses),MATCH($I21,pk,0)),"") | AU21: =IF($AS21=0,"",Q21*BR21) | AX21: =IF($B21="alu",(CONCATENATE(VLOOKUP($AD21,tabfr,2,0),VLOOKUP($AE21,tabfr,2,0),VLOOKUP($AF21,tabfr,2,0),VLOOKUP($AG21,tabfr,2,0))),(CONCATENATE(VLOOKUP($AD21,tabte,2,0),VLOOKUP($AE21,tabte,2,0),VLOOKUP($AF21,tabte,2,0),VLOOKUP($AG21,tabte,2,0)))) -> 3333 | AY21: =IFERROR(VLOOKUP(AW21,descf,2,0),"") | AZ21: =IF($B21="alu",(VLOOKUP(AX21,descfr,2,0)),(VLOOKUP(AX21,desce,2,0))) -> - | BA21: =IF($R21=0,CONCATENATE(0,")"," ",$H21," ",$J21),CONCATENATE(VLOOKUP(H21,tabprt,2,0),")",$H21,"_",AY21)) -> 0) Back Panel Rangka (rakit tukang) 1490 | BB21: =IF($B21="…",CONCATENATE(0,$E21,")"," ",$H21),IF($B21="kc",CONCATENATE(VLOOKUP(H21,tabprt,2,0),")",$H21," ",$R21," ",$S21,"mm"," ","-"," "," ",";"," ",$AZ21," ",$I21),IF($B21="alu",CONCATENATE(VLOOKUP(H21,tabprt,2,0),")",$H21," ",$R21," ",$S21,"mm"," ","-"," "," ",";"," ",$AZ21," ",$I21),CONCATENATE(VLOOKUP(H21,tabprt,2,0),")",$H21," ",$R21," ",$S21,"mm"," ","-"," ",$AY21," ",";"," ",$AZ21," ",$I21)))) -> 0A) Back Panel Rangka (rakit tukang) | BD21: =IFERROR(INDEX((std_minifix_prt),MATCH($H21,Prt,0)),"") | BE21: =IFERROR(INDEX((std_dowel_prt),MATCH($H21,Prt,0)),"") | BH21: =IF($AM21=0,0,1)*Q21 -> 0 | BI21: =IF($AO21=0,0,IF(J21<=fp,2,(ROUNDUP(J21/fp,0))))*Q21 -> 0 | BJ21: =IF($AN21=0,0,1)*Q21 -> 0 | BK21: =(($J21+tol_p)*$Q21)/1000 -> 1.53 | BL21: =(($L21+tol_p)*$Q21)/1000 -> 0.249 | BM21: =IF(R21=0,0,((2*((J21+tol_p)+(L21+tol_p))*Q21)/1000)) -> 0 | BO21: =CONCATENATE(R21,"_",S21) -> _ | BP21: =CONCATENATE(R21," ",S21," ",AY21) | BQ21: =((J21*L21*Q21)/(2400*1200))+10% -> 0.20812847 | BR21: =IFERROR(INDEX((std_jml_anodize_per_uk),MATCH($H21,Prt,0)),"") | BS21: =IF($BD21=0,0,IF($L21<150,2,((ROUNDUP($L21/fm,0)*2))))*$Q21 -> 2 | BT21: =IF($BE21=0,0,IF($L21<150,2,((ROUNDUP($L21/fd,0)*2))))*$Q21 -> 4 | BW21: =+((J21*L21)*Q21)/1000000 -> 0.31141 | BX21: =+((J21*L21*N21)*Q21)/1000000000 -> 0.02335575 | BY21: =IFERROR(INDEX((tbl_edg),MATCH($AD21,Edg,0)),"") | BZ21: =IFERROR(INDEX((tbl_edg),MATCH($AE21,Edg,0)),"") | CA21: =IFERROR(INDEX((tbl_edg),MATCH($AF21,Edg,0)),"") | CB21: =IFERROR(INDEX((tbl_edg),MATCH($AG21,Edg,0)),"") | CC21: =IFERROR((J21-CA21-CB21),"") | CD21: =IFERROR((L21-BY21-BZ21),"") | CE21: =IFERROR((CONCATENATE(CC21," ","x"," ",CD21," ","x"," ",N21)),"") -> x x 75 | CF21: =IF(F21=1,(CONCATENATE(J21,";",L21,";",Q21,";",BP21,";",N21,";",H21,";","-1",";",AF21,";",CA21,";",AG21,";",CB21,";",AD21,";",BY21,";",AE21,";",BZ21))," ")
A22: =IFERROR(INDEX((ID),MATCH(H22,BARANG,0)),"…") -> … | B22: =IFERROR(INDEX((cprt),MATCH($H22,Prt,0)),"…") -> pintu | C22: prt | D22: =IFERROR(INDEX((KS),MATCH($H22,Prt,0)),"") -> KS | E22: A» | F22: =IFERROR(INDEX((opt),MATCH($H22,Prt,0)),"") -> 0 | G22: =IFERROR(INDEX((no_ref),MATCH($H22,ref,0)),"...") -> ... | H22: Back Panel Rangka | J22: =+J21 -> 1490 | K22: x | L22: =+L21 -> 209 | M22: x | N22: =+(S22+W22+Y22) -> 19 | O22: =CONCATENATE(J22," ",K22," ",L22," ",M22," ",N22) -> 1490 x 209 x 19 | P22: =IFERROR(INDEX((std_sub_prt),MATCH($H22,Prt,0)),"") -> 1 | Q22: =P22*Q21 -> 1 | R22: =IFERROR(INDEX((std_bhn_prt),MATCH($H22,Prt,0)),"") -> Ply | S22: =IFERROR(INDEX((std_Tbahan_prt),MATCH($H22,Prt,0)),"") -> 18 | T22: =INDEX((std_lapisan_luar_prt),MATCH($H22,Prt,0)) -> 1 | U22: =INDEX((std_lapisan_dalam_prt),MATCH($H22,Prt,0)) -> 0 | V22: =IFERROR(INDEX((tf),MATCH(T22,ctf,0)),"") -> WY_5216_D(V) | W22: =IFERROR(INDEX((tebal_lapisan),MATCH($V22,tf,0)),"") -> 1 | X22: =IFERROR(INDEX((tf),MATCH(U22,ctf,0)),"") -> Polos | Y22: =IFERROR(INDEX((tebal_lapisan),MATCH($X22,tf,0)),"") -> 0 | Z22: =INDEX((std_edg_P1_prt),MATCH($H22,Prt,0)) -> 1 | AA22: =INDEX((std_edg_P2_prt),MATCH($H22,Prt,0)) -> 1 | AB22: =INDEX((std_edg_L1_prt),MATCH($H22,Prt,0)) -> 1 | AC22: =INDEX((std_edg_L2_prt),MATCH($H22,Prt,0)) -> 1 | AD22: =IF($B22="alu",(INDEX((Fr),MATCH(Z22,cfr,0))),INDEX((te),MATCH(Z22,cte,0))) -> Edg_EAW_5216D1 | AE22: =IF($B22="alu",(INDEX((Fr),MATCH(AA22,cfr,0))),INDEX((te),MATCH(AA22,cte,0))) -> Edg_EAW_5216D1 | AF22: =IF($B22="alu",(INDEX((Fr),MATCH(AB22,cfr,0))),INDEX((te),MATCH(AB22,cte,0))) -> Edg_EAW_5216D1 | AG22: =IF($B22="alu",(INDEX((Fr),MATCH(AC22,cfr,0))),INDEX((te),MATCH(AC22,cte,0))) -> Edg_EAW_5216D1 | AH22: =IFERROR(INDEX((std_profil3_prt),MATCH($H22,Prt,0)),"") -> 0 | AI22: =IFERROR(INDEX((std_profil2_prt),MATCH($H22,Prt,0)),"") -> 0 | AJ22: =IFERROR(INDEX((std_profil_prt),MATCH($H22,Prt,0)),"") -> 0 | AK22: =IFERROR(INDEX((std_siku_prt),MATCH($H22,Prt,0)),"") -> 0 | AL22: =IFERROR(INDEX((std_screw_prt),MATCH($H22,Prt,0)),"") -> 0 | AN22: =IFERROR(INDEX((std_rel_prt),MATCH($H22,Prt,0)),"") -> 0 | AO22: =IFERROR(INDEX((std_engsel_prt),MATCH($H22,Prt,0)),"") -> 0 | AP22: =IFERROR(INDEX((std_anodizev_proses),MATCH($I22,pk,0)),"") | AQ22: =IFERROR(INDEX((std_anodizev2_proses),MATCH($I22,pk,0)),"") | AR22: =IFERROR(INDEX((std_anodizeh_proses),MATCH($I22,pk,0)),"") | AS22: =IFERROR(INDEX((std_anodize_per_ukuran),MATCH($H22,Prt,0)),"") -> 0 | AT22: =IF($AS22=edging7,L22,IF($AS22=edging8,L22,IF($AS22=edging9,L22,IF($AS22=Hand1,J21,IF($AS22=Hand2,L21,IF($AS22=hand3,"diisi manual",IF($AS22=hand4,"diisi manual",IF($AS22=hand5,"diisi manual",IF($AS22=mled02,J22,IF($AS22=mprf1,J22,IF($AS22=mlis1,J22,""))))))))))) | AU22: =IF($AS22="","",Q22*BR22) -> 0 | AW22: =CONCATENATE(VLOOKUP($V22,tabtf,2,0),VLOOKUP($X22,tabtf,2,0)) -> 13 | AX22: =IF($B22="alu",(CONCATENATE(VLOOKUP($AD22,tabfr,2,0),VLOOKUP($AE22,tabfr,2,0),VLOOKUP($AF22,tabfr,2,0),VLOOKUP($AG22,tabfr,2,0))),(CONCATENATE(VLOOKUP($AD22,tabte,2,0),VLOOKUP($AE22,tabte,2,0),VLOOKUP($AF22,tabte,2,0),VLOOKUP($AG22,tabte,2,0)))) -> 4444 | AY22: =IFERROR(VLOOKUP(AW22,descf,2,0),"") -> WY_5216_D(V)_1mk_Polos | AZ22: =IF($B22="alu",(VLOOKUP(AX22,descfr,2,0)),(VLOOKUP(AX22,desce,2,0))) -> Edg_EAW_5216D1_Keliling | BA22: =IF($R22=0,CONCATENATE(0,")"," ",$H22," ",$J22),CONCATENATE(VLOOKUP(H22,tabprt,2,0),")",$H22,"_",AY22)) -> 403)Back Panel Rangka_WY_5216_D(V)_1mk_Polos | BB22: =IF($B22="…",CONCATENATE(0,$E22,")"," ",$H22),IF($B22="kc",CONCATENATE(VLOOKUP(H22,tabprt,2,0),")",$H22," ",$R22," ",$S22,"mm"," ","-"," "," ",";"," ",$AZ22," ",$I22),IF($B22="alu",CONCATENATE(VLOOKUP(H22,tabprt,2,0),")",$H22," ",$R22," ",$S22,"mm"," ","-"," "," ",";"," ",$AZ22," ",$I22),CONCATENATE(VLOOKUP(H22,tabprt,2,0),")",$H22," ",$R22," ",$S22,"mm"," ","-"," ",$AY22," ",";"," ",$AZ22," ",$I22)))) -> 403)Back Panel Rangka Ply 18mm - WY_5216_D(V)_1mk_Polos ; Edg_EAW_5216D1_Keliling | BD22: =IFERROR(INDEX((std_minifix_prt),MATCH($H22,Prt,0)),"") -> 0 | BE22: =IFERROR(INDEX((std_dowel_prt),MATCH($H22,Prt,0)),"") -> 0 | BF22: =IFERROR(INDEX((std_j_sikufr_prt),MATCH($H22,Prt,0)),"")*Q22 -> 0 | BG22: =IFERROR(INDEX((std_j_screwjf_prt),MATCH($H22,Prt,0)),"")*Q22 -> 0 | BH22: =IF($AM22=0,0,1)*Q22 -> 0 | BI22: =IF($AO22=0,0,IF(J22<=fp,2,(ROUNDUP(J22/fp,0))))*Q22 -> 0 | BJ22: =IF($AN22=0,0,1)*Q22 -> 0 | BK22: =(($J22+tol_p)*$Q22)/1000 -> 1.53 | BL22: =(($L22+tol_p)*$Q22)/1000 -> 0.249 | BM22: =IF(R22=0,0,((2*((J22+tol_p)+(L22+tol_p))*Q22)/1000)) -> 3.558 | BN22: =((J22*L22)/1000000)*Q22 -> 0.31141 | BO22: =CONCATENATE(R22,"_",S22) -> Ply_18 | BP22: =CONCATENATE(R22," ",S22," ",AY22) -> Ply 18 WY_5216_D(V)_1mk_Polos | BQ22: =((J22*L22*Q22)/(2400*1200))+10% -> 0.20812847 | BR22: =IFERROR(INDEX((std_jml_anodize_per_uk),MATCH($H22,Prt,0)),"") -> 0 | BS22: =IF($BD22=0,0,IF($L22<150,2,((ROUNDUP($L22/fm,0)*2))))*$Q22 -> 0 | BT22: =IF($BE22=0,0,IF($L22<150,2,((ROUNDUP($L22/fd,0)*2))))*$Q22 -> 0 | BU22: =BF22*$Q22 -> 0 | BV22: =BG22*$Q22 -> 0 | BW22: =+((J22*L22)*Q22)/1000000 -> 0.31141 | BX22: =+((J22*L22*N22)*Q22)/1000000000 -> 0.00591679 | BY22: =IFERROR(INDEX((tbl_edg),MATCH($AD22,Edg,0)),"") | BZ22: =IFERROR(INDEX((tbl_edg),MATCH($AE22,Edg,0)),"") | CA22: =IFERROR(INDEX((tbl_edg),MATCH($AF22,Edg,0)),"") | CB22: =IFERROR(INDEX((tbl_edg),MATCH($AG22,Edg,0)),"") | CC22: =IFERROR((J22-CA22-CB22),"") | CD22: =IFERROR((L22-BY22-BZ22),"") | CE22: =IFERROR((CONCATENATE(CC22," ","x"," ",CD22," ","x"," ",N22)),"") -> x x 19 | CF22: =IF(F22=1,(CONCATENATE(J22,";",L22,";",Q22,";",BP22,";",N22,";",H22,";","-1",";",AF22,";",CA22,";",AG22,";",CB22,";",AD22,";",BY22,";",AE22,";",BZ22))," ")
A23: =IFERROR(INDEX((ID),MATCH(H23,BARANG,0)),"…") -> … | B23: =IFERROR(INDEX((cprt),MATCH($H23,Prt,0)),"…") -> pintu | C23: prt | D23: =IFERROR(INDEX((KS),MATCH($H23,Prt,0)),"") -> KS | E23: A | F23: =IFERROR(INDEX((opt),MATCH($H23,Prt,0)),"") -> 1 | G23: =IFERROR(INDEX((no_ref),MATCH($H23,ref,0)),"...") -> ... | H23: Rangka back panel | J23: 2430 | K23: x | L23: =ROUNDDOWN(N21-N22-tol,0) -> 55 | M23: x | N23: =+(S23+W23+Y23) -> 18.5 | O23: =CONCATENATE(J23," ",K23," ",L23," ",M23," ",N23) -> 2430 x 55 x 18,5 | P23: =ROUNDUP((((2*J21)+(4*L21))/2440),0) -> 2 | Q23: =+P23*Q21 -> 2 | R23: =IFERROR(INDEX((std_bhn_prt),MATCH($H23,Prt,0)),"") -> Ply | S23: =IFERROR(INDEX((std_Tbahan_prt),MATCH($H23,Prt,0)),"") -> 18 | T23: =INDEX((std_lapisan_luar_prt),MATCH($H23,Prt,0)) -> 0 | U23: =INDEX((std_lapisan_dalam_prt),MATCH($H23,Prt,0)) -> 22 | V23: =IFERROR(INDEX((tf),MATCH(T23,ctf,0)),"") -> Polos | W23: =IFERROR(INDEX((tebal_lapisan),MATCH($V23,tf,0)),"") -> 0 | X23: =IFERROR(INDEX((tf),MATCH(U23,ctf,0)),"") -> Aica | Y23: =IFERROR(INDEX((tebal_lapisan),MATCH($X23,tf,0)),"") -> 0.5 | Z23: =INDEX((std_edg_P1_prt),MATCH($H23,Prt,0)) -> 0 | AA23: =INDEX((std_edg_P2_prt),MATCH($H23,Prt,0)) -> 9 | AB23: =INDEX((std_edg_L1_prt),MATCH($H23,Prt,0)) -> 0 | AC23: =INDEX((std_edg_L2_prt),MATCH($H23,Prt,0)) -> 0 | AD23: =IF($B23="alu",(INDEX((Fr),MATCH(Z23,cfr,0))),INDEX((te),MATCH(Z23,cte,0))) | AE23: =IF($B23="alu",(INDEX((Fr),MATCH(AA23,cfr,0))),INDEX((te),MATCH(AA23,cte,0))) -> Melanor | AF23: =IF($B23="alu",(INDEX((Fr),MATCH(AB23,cfr,0))),INDEX((te),MATCH(AB23,cte,0))) | AG23: =IF($B23="alu",(INDEX((Fr),MATCH(AC23,cfr,0))),INDEX((te),MATCH(AC23,cte,0))) | AH23: =IFERROR(INDEX((std_profil3_prt),MATCH($H23,Prt,0)),"") -> 0 | AI23: =IFERROR(INDEX((std_profil2_prt),MATCH($H23,Prt,0)),"") -> 0 | AJ23: =IFERROR(INDEX((std_profil_prt),MATCH($H23,Prt,0)),"") -> 0 | AK23: =IFERROR(INDEX((std_siku_prt),MATCH($H23,Prt,0)),"") -> 0 | AL23: =IFERROR(INDEX((std_screw_prt),MATCH($H23,Prt,0)),"") -> 0 | AN23: =IFERROR(INDEX((std_rel_prt),MATCH($H23,Prt,0)),"") -> 0 | AO23: =IFERROR(INDEX((std_engsel_prt),MATCH($H23,Prt,0)),"") -> 0 | AP23: =IFERROR(INDEX((std_anodizev_proses),MATCH($I23,pk,0)),"") | AQ23: =IFERROR(INDEX((std_anodizev2_proses),MATCH($I23,pk,0)),"") | AR23: =IFERROR(INDEX((std_anodizeh_proses),MATCH($I23,pk,0)),"") | AS23: =IFERROR(INDEX((std_anodize_per_ukuran),MATCH($H23,Prt,0)),"") -> 0 | AT23: =IF($AS23=edging7,L23,IF($AS23=edging8,L23,IF($AS23=edging9,L23,IF($AS23=Hand1,J22,IF($AS23=Hand2,L22,IF($AS23=hand3,"diisi manual",IF($AS23=hand4,"diisi manual",IF($AS23=hand5,"diisi manual",IF($AS23=mled02,J23,IF($AS23=mprf1,J23,IF($AS23=mlis1,J23,""))))))))))) | AU23: =IF($AS23="","",Q23*BR23) -> 0 | AW23: =CONCATENATE(VLOOKUP($V23,tabtf,2,0),VLOOKUP($X23,tabtf,2,0)) -> 37 | AX23: =IF($B23="alu",(CONCATENATE(VLOOKUP($AD23,tabfr,2,0),VLOOKUP($AE23,tabfr,2,0),VLOOKUP($AF23,tabfr,2,0),VLOOKUP($AG23,tabfr,2,0))),(CONCATENATE(VLOOKUP($AD23,tabte,2,0),VLOOKUP($AE23,tabte,2,0),VLOOKUP($AF23,tabte,2,0),VLOOKUP($AG23,tabte,2,0)))) -> 3233 | AY23: =IFERROR(VLOOKUP(AW23,descf,2,0),"") -> Aica_1mk_Polos | AZ23: =IF($B23="alu",(VLOOKUP(AX23,descfr,2,0)),(VLOOKUP(AX23,desce,2,0))) -> Melanor_1sisi_pjg | BA23: =IF($R23=0,CONCATENATE(0,")"," ",$H23," ",$J23),CONCATENATE(VLOOKUP(H23,tabprt,2,0),")",$H23,"_",AY23)) -> 414)Rangka back panel_Aica_1mk_Polos | BB23: =IF($B23="…",CONCATENATE(0,$E23,")"," ",$H23),IF($B23="kc",CONCATENATE(VLOOKUP(H23,tabprt,2,0),")",$H23," ",$R23," ",$S23,"mm"," ","-"," "," ",";"," ",$AZ23," ",$I23),IF($B23="alu",CONCATENATE(VLOOKUP(H23,tabprt,2,0),")",$H23," ",$R23," ",$S23,"mm"," ","-"," "," ",";"," ",$AZ23," ",$I23),CONCATENATE(VLOOKUP(H23,tabprt,2,0),")",$H23," ",$R23," ",$S23,"mm"," ","-"," ",$AY23," ",";"," ",$AZ23," ",$I23)))) -> 414)Rangka back panel Ply 18mm - Aica_1mk_Polos ; Melanor_1sisi_pjg | BD23: =IFERROR(INDEX((std_minifix_prt),MATCH($H23,Prt,0)),"") -> 0 | BE23: =IFERROR(INDEX((std_dowel_prt),MATCH($H23,Prt,0)),"") -> 0 | BF23: =IFERROR(INDEX((std_j_sikufr_prt),MATCH($H23,Prt,0)),"")*Q23 -> 0 | BG23: =IFERROR(INDEX((std_j_screwjf_prt),MATCH($H23,Prt,0)),"")*Q23 -> 0 | BH23: =IF($AM23=0,0,1)*Q23 -> 0 | BI23: =IF($AO23=0,0,IF(J23<=fp,2,(ROUNDUP(J23/fp,0))))*Q23 -> 0 | BJ23: =IF($AN23=0,0,1)*Q23 -> 0 | BK23: =(($J23+tol_p)*$Q23)/1000 -> 4.94 | BL23: =(($L23+tol_p)*$Q23)/1000 -> 0.19 | BM23: =IF(R23=0,0,((2*((J23+tol_p)+(L23+tol_p))*Q23)/1000)) -> 10.26 | BN23: =((J23*L23)/1000000)*Q23 -> 0.2673 | BO23: =CONCATENATE(R23,"_",S23) -> Ply_18 | BP23: =CONCATENATE(R23," ",S23," ",AY23) -> Ply 18 Aica_1mk_Polos | BQ23: =((J23*L23*Q23)/(2400*1200))+10% -> 0.1928125 | BR23: =IFERROR(INDEX((std_jml_anodize_per_uk),MATCH($H23,Prt,0)),"") -> 0 | BS23: =IF($BD23=0,0,IF($L23<150,2,((ROUNDUP($L23/fm,0)*2))))*$Q23 -> 0 | BT23: =IF($BE23=0,0,IF($L23<150,2,((ROUNDUP($L23/fd,0)*2))))*$Q23 -> 0 | BU23: =BF23*$Q23 -> 0 | BV23: =BG23*$Q23 -> 0 | BW23: =+((J23*L23)*Q23)/1000000 -> 0.2673 | BX23: =+((J23*L23*N23)*Q23)/1000000000 -> 0.00494505 | BY23: =IFERROR(INDEX((tbl_edg),MATCH($AD23,Edg,0)),"") | BZ23: =IFERROR(INDEX((tbl_edg),MATCH($AE23,Edg,0)),"") -> 0.5 | CA23: =IFERROR(INDEX((tbl_edg),MATCH($AF23,Edg,0)),"") | CB23: =IFERROR(INDEX((tbl_edg),MATCH($AG23,Edg,0)),"") | CC23: =IFERROR((J23-CA23-CB23),"") | CD23: =IFERROR((L23-BY23-BZ23),"") | CE23: =IFERROR((CONCATENATE(CC23," ","x"," ",CD23," ","x"," ",N23)),"") -> x x 18,5 | CF23: =IF(F23=1,(CONCATENATE(J23,";",L23,";",Q23,";",BP23,";",N23,";",H23,";","-1",";",AF23,";",CA23,";",AG23,";",CB23,";",AD23,";",BY23,";",AE23,";",BZ23))," ") -> 2430;55;2;Ply 18 Aica_1mk_Polos;18,5;Rangka back panel;-1; ;; ;; ;;Melanor;0,5
A25: =IFERROR(INDEX((ID),MATCH(H25,BARANG,0)),"…") -> … | B25: =IFERROR(INDEX((cprt),MATCH($H25,Prt,0)),"…") -> pintu | C25: prt | D25: =IFERROR(INDEX((KS),MATCH($H25,Prt,0)),"") -> KS | E25: A | F25: =IFERROR(INDEX((opt),MATCH($H25,Prt,0)),"") -> 0 | G25: =IFERROR(INDEX((no_ref),MATCH($H25,ref,0)),"...") -> ... | H25: Braket miring | J25: =+ROUNDDOWN(L21-N23-N23,0) -> 172 | K25: x | L25: 100 | M25: x | N25: =+(S25+W25+Y25) -> 18 | O25: =CONCATENATE(J25," ",K25," ",L25," ",M25," ",N25) -> 172 x 100 x 18 | P25: 4 | Q25: =+P25*Q21 -> 4 | R25: =IFERROR(INDEX((std_bhn_prt),MATCH($H25,Prt,0)),"") -> Ply | S25: =IFERROR(INDEX((std_Tbahan_prt),MATCH($H25,Prt,0)),"") -> 18 | T25: =INDEX((std_lapisan_luar_prt),MATCH($H25,Prt,0)) -> 0 | U25: =INDEX((std_lapisan_dalam_prt),MATCH($H25,Prt,0)) -> 0 | V25: =IFERROR(INDEX((tf),MATCH(T25,ctf,0)),"") -> Polos | W25: =IFERROR(INDEX((tebal_lapisan),MATCH($V25,tf,0)),"") -> 0 | X25: =IFERROR(INDEX((tf),MATCH(U25,ctf,0)),"") -> Polos | Y25: =IFERROR(INDEX((tebal_lapisan),MATCH($X25,tf,0)),"") -> 0 | Z25: =INDEX((std_edg_P1_prt),MATCH($H25,Prt,0)) -> 0 | AA25: =INDEX((std_edg_P2_prt),MATCH($H25,Prt,0)) -> 0 | AB25: =INDEX((std_edg_L1_prt),MATCH($H25,Prt,0)) -> 0 | AC25: =INDEX((std_edg_L2_prt),MATCH($H25,Prt,0)) -> 0 | AD25: =IF($B25="alu",(INDEX((Fr),MATCH(Z25,cfr,0))),INDEX((te),MATCH(Z25,cte,0))) | AE25: =IF($B25="alu",(INDEX((Fr),MATCH(AA25,cfr,0))),INDEX((te),MATCH(AA25,cte,0))) | AF25: =IF($B25="alu",(INDEX((Fr),MATCH(AB25,cfr,0))),INDEX((te),MATCH(AB25,cte,0))) | AG25: =IF($B25="alu",(INDEX((Fr),MATCH(AC25,cfr,0))),INDEX((te),MATCH(AC25,cte,0))) | AH25: =IFERROR(INDEX((std_profil3_prt),MATCH($H25,Prt,0)),"") -> 0 | AI25: =IFERROR(INDEX((std_profil2_prt),MATCH($H25,Prt,0)),"") -> 0 | AJ25: =IFERROR(INDEX((std_profil_prt),MATCH($H25,Prt,0)),"") -> 0 | AK25: =IFERROR(INDEX((std_siku_prt),MATCH($H25,Prt,0)),"") -> 0 | AL25: =IFERROR(INDEX((std_screw_prt),MATCH($H25,Prt,0)),"") -> 0 | AN25: =IFERROR(INDEX((std_rel_prt),MATCH($H25,Prt,0)),"") -> 0 | AO25: =IFERROR(INDEX((std_engsel_prt),MATCH($H25,Prt,0)),"") -> 0 | AP25: =IFERROR(INDEX((std_anodizev_proses),MATCH($I25,pk,0)),"") | AQ25: =IFERROR(INDEX((std_anodizev2_proses),MATCH($I25,pk,0)),"") | AR25: =IFERROR(INDEX((std_anodizeh_proses),MATCH($I25,pk,0)),"") | AS25: =IFERROR(INDEX((std_anodize_per_ukuran),MATCH($H25,Prt,0)),"") -> 0 | AT25: =IF($AS25=edging7,L25,IF($AS25=edging8,L25,IF($AS25=edging9,L25,IF($AS25=Hand1,J24,IF($AS25=Hand2,L24,IF($AS25=hand3,"diisi manual",IF($AS25=hand4,"diisi manual",IF($AS25=hand5,"diisi manual",IF($AS25=mled02,J25,IF($AS25=mprf1,J25,IF($AS25=mlis1,J25,""))))))))))) | AU25: =IF($AS25="","",Q25*BR25) -> 0 | AW25: =CONCATENATE(VLOOKUP($V25,tabtf,2,0),VLOOKUP($X25,tabtf,2,0)) -> 33 | AX25: =IF($B25="alu",(CONCATENATE(VLOOKUP($AD25,tabfr,2,0),VLOOKUP($AE25,tabfr,2,0),VLOOKUP($AF25,tabfr,2,0),VLOOKUP($AG25,tabfr,2,0))),(CONCATENATE(VLOOKUP($AD25,tabte,2,0),VLOOKUP($AE25,tabte,2,0),VLOOKUP($AF25,tabte,2,0),VLOOKUP($AG25,tabte,2,0)))) -> 3333 | AY25: =IFERROR(VLOOKUP(AW25,descf,2,0),"") -> Polos | AZ25: =IF($B25="alu",(VLOOKUP(AX25,descfr,2,0)),(VLOOKUP(AX25,desce,2,0))) -> - | BA25: =IF($R25=0,CONCATENATE(0,")"," ",$H25," ",$J25),CONCATENATE(VLOOKUP(H25,tabprt,2,0),")",$H25,"_",AY25)) -> 421)Braket miring_Polos | BB25: =IF($B25="…",CONCATENATE(0,$E25,")"," ",$H25),IF($B25="kc",CONCATENATE(VLOOKUP(H25,tabprt,2,0),")",$H25," ",$R25," ",$S25,"mm"," ","-"," "," ",";"," ",$AZ25," ",$I25),IF($B25="alu",CONCATENATE(VLOOKUP(H25,tabprt,2,0),")",$H25," ",$R25," ",$S25,"mm"," ","-"," "," ",";"," ",$AZ25," ",$I25),CONCATENATE(VLOOKUP(H25,tabprt,2,0),")",$H25," ",$R25," ",$S25,"mm"," ","-"," ",$AY25," ",";"," ",$AZ25," ",$I25)))) -> 421)Braket miring Ply 18mm - Polos ; - | BD25: =IFERROR(INDEX((std_minifix_prt),MATCH($H25,Prt,0)),"") -> 0 | BE25: =IFERROR(INDEX((std_dowel_prt),MATCH($H25,Prt,0)),"") -> 0 | BF25: =IFERROR(INDEX((std_j_sikufr_prt),MATCH($H25,Prt,0)),"")*Q25 -> 0 | BG25: =IFERROR(INDEX((std_j_screwjf_prt),MATCH($H25,Prt,0)),"")*Q25 -> 0 | BH25: =IF($AM25=0,0,1)*Q25 -> 0 | BI25: =IF($AO25=0,0,IF(J25<=fp,2,(ROUNDUP(J25/fp,0))))*Q25 -> 0 | BJ25: =IF($AN25=0,0,1)*Q25 -> 0 | BK25: =(($J25+tol_p)*$Q25)/1000 -> 0.848 | BL25: =(($L25+tol_p)*$Q25)/1000 -> 0.56 | BM25: =IF(R25=0,0,((2*((J25+tol_p)+(L25+tol_p))*Q25)/1000)) -> 2.816 | BN25: =((J25*L25)/1000000)*Q25 -> 0.0688 | BO25: =CONCATENATE(R25,"_",S25) -> Ply_18 | BP25: =CONCATENATE(R25," ",S25," ",AY25) -> Ply 18 Polos | BQ25: =((J25*L25*Q25)/(2400*1200))+10% -> 0.12388889 | BR25: =IFERROR(INDEX((std_jml_anodize_per_uk),MATCH($H25,Prt,0)),"") -> 0 | BS25: =IF($BD25=0,0,IF($L25<150,2,((ROUNDUP($L25/fm,0)*2))))*$Q25 -> 0 | BT25: =IF($BE25=0,0,IF($L25<150,2,((ROUNDUP($L25/fd,0)*2))))*$Q25 -> 0 | BU25: =BF25*$Q25 -> 0 | BV25: =BG25*$Q25 -> 0 | BW25: =+((J25*L25)*Q25)/1000000 -> 0.0688 | BX25: =+((J25*L25*N25)*Q25)/1000000000 -> 0.0012384 | BY25: =IFERROR(INDEX((tbl_edg),MATCH($AD25,Edg,0)),"") | BZ25: =IFERROR(INDEX((tbl_edg),MATCH($AE25,Edg,0)),"") | CA25: =IFERROR(INDEX((tbl_edg),MATCH($AF25,Edg,0)),"") | CB25: =IFERROR(INDEX((tbl_edg),MATCH($AG25,Edg,0)),"") | CC25: =IFERROR((J25-CA25-CB25),"") | CD25: =IFERROR((L25-BY25-BZ25),"") | CE25: =IFERROR((CONCATENATE(CC25," ","x"," ",CD25," ","x"," ",N25)),"") -> x x 18 | CF25: =IF(F25=1,(CONCATENATE(J25,";",L25,";",Q25,";",BP25,";",N25,";",H25,";","-1",";",AF25,";",CA25,";",AG25,";",CB25,";",AD25,";",BY25,";",AE25,";",BZ25))," ")
A28: =IFERROR(INDEX((ID),MATCH(H28,BARANG,0)),"…") -> … | B28: =IFERROR(INDEX((cprt),MATCH($H28,Prt,0)),"…") -> … | C28: Set_up | D28: =(INDEX(KS_Set,MATCH($H28,Set_prt,0))) -> [ks] | E28: A | F28: =IFERROR(INDEX((opt),MATCH($H28,Prt,0)),"") | G28: =IFERROR(INDEX((no_ref),MATCH($H28,ref,0)),"...") -> • | H28: Back Panel Rangka (rakit tukang) | J28: 1900 | K28: x | L28: 327 | M28: x | N28: 75 | O28: =CONCATENATE(J28," ",K28," ",L28," ",M28," ",N28) -> 1900 x 327 x 75 | Q28: 1 | AD28: =IF($B28="alu",(INDEX((Fr),MATCH(Z28,cfr,0))),INDEX((te),MATCH(Z28,cte,0))) | AE28: =IF($B28="alu",(INDEX((Fr),MATCH(AA28,cfr,0))),INDEX((te),MATCH(AA28,cte,0))) | AF28: =IF($B28="alu",(INDEX((Fr),MATCH(AB28,cfr,0))),INDEX((te),MATCH(AB28,cte,0))) | AG28: =IF($B28="alu",(INDEX((Fr),MATCH(AC28,cfr,0))),INDEX((te),MATCH(AC28,cte,0))) | AK28: =IFERROR(INDEX((std_siku_prt),MATCH($H28,Prt,0)),"") | AL28: =IFERROR(INDEX((std_screw_prt),MATCH($H28,Prt,0)),"") | AP28: =IFERROR(INDEX((std_anodizev_proses),MATCH($I28,pk,0)),"") | AQ28: =IFERROR(INDEX((std_anodizev2_proses),MATCH($I28,pk,0)),"") | AR28: =IFERROR(INDEX((std_anodizeh_proses),MATCH($I28,pk,0)),"") | AU28: =IF($AS28=0,"",Q28*BR28) | AX28: =IF($B28="alu",(CONCATENATE(VLOOKUP($AD28,tabfr,2,0),VLOOKUP($AE28,tabfr,2,0),VLOOKUP($AF28,tabfr,2,0),VLOOKUP($AG28,tabfr,2,0))),(CONCATENATE(VLOOKUP($AD28,tabte,2,0),VLOOKUP($AE28,tabte,2,0),VLOOKUP($AF28,tabte,2,0),VLOOKUP($AG28,tabte,2,0)))) -> 3333 | AY28: =IFERROR(VLOOKUP(AW28,descf,2,0),"") | AZ28: =IF($B28="alu",(VLOOKUP(AX28,descfr,2,0)),(VLOOKUP(AX28,desce,2,0))) -> - | BA28: =IF($R28=0,CONCATENATE(0,")"," ",$H28," ",$J28),CONCATENATE(VLOOKUP(H28,tabprt,2,0),")",$H28,"_",AY28)) -> 0) Back Panel Rangka (rakit tukang) 1900 | BB28: =IF($B28="…",CONCATENATE(0,$E28,")"," ",$H28),IF($B28="kc",CONCATENATE(VLOOKUP(H28,tabprt,2,0),")",$H28," ",$R28," ",$S28,"mm"," ","-"," "," ",";"," ",$AZ28," ",$I28),IF($B28="alu",CONCATENATE(VLOOKUP(H28,tabprt,2,0),")",$H28," ",$R28," ",$S28,"mm"," ","-"," "," ",";"," ",$AZ28," ",$I28),CONCATENATE(VLOOKUP(H28,tabprt,2,0),")",$H28," ",$R28," ",$S28,"mm"," ","-"," ",$AY28," ",";"," ",$AZ28," ",$I28)))) -> 0A) Back Panel Rangka (rakit tukang) | BD28: =IFERROR(INDEX((std_minifix_prt),MATCH($H28,Prt,0)),"") | BE28: =IFERROR(INDEX((std_dowel_prt),MATCH($H28,Prt,0)),"") | BH28: =IF($AM28=0,0,1)*Q28 -> 0 | BI28: =IF($AO28=0,0,IF(J28<=fp,2,(ROUNDUP(J28/fp,0))))*Q28 -> 0 | BJ28: =IF($AN28=0,0,1)*Q28 -> 0 | BK28: =(($J28+tol_p)*$Q28)/1000 -> 1.94 | BL28: =(($L28+tol_p)*$Q28)/1000 -> 0.367 | BM28: =IF(R28=0,0,((2*((J28+tol_p)+(L28+tol_p))*Q28)/1000)) -> 0 | BO28: =CONCATENATE(R28,"_",S28) -> _ | BP28: =CONCATENATE(R28," ",S28," ",AY28) | BQ28: =((J28*L28*Q28)/(2400*1200))+10% -> 0.31572917 | BR28: =IFERROR(INDEX((std_jml_anodize_per_uk),MATCH($H28,Prt,0)),"") | BS28: =IF($BD28=0,0,IF($L28<150,2,((ROUNDUP($L28/fm,0)*2))))*$Q28 -> 4 | BT28: =IF($BE28=0,0,IF($L28<150,2,((ROUNDUP($L28/fd,0)*2))))*$Q28 -> 4 | BW28: =+((J28*L28)*Q28)/1000000 -> 0.6213 | BX28: =+((J28*L28*N28)*Q28)/1000000000 -> 0.0465975 | BY28: =IFERROR(INDEX((tbl_edg),MATCH($AD28,Edg,0)),"") | BZ28: =IFERROR(INDEX((tbl_edg),MATCH($AE28,Edg,0)),"") | CA28: =IFERROR(INDEX((tbl_edg),MATCH($AF28,Edg,0)),"") | CB28: =IFERROR(INDEX((tbl_edg),MATCH($AG28,Edg,0)),"") | CC28: =IFERROR((J28-CA28-CB28),"") | CD28: =IFERROR((L28-BY28-BZ28),"") | CE28: =IFERROR((CONCATENATE(CC28," ","x"," ",CD28," ","x"," ",N28)),"") -> x x 75 | CF28: =IF(F28=1,(CONCATENATE(J28,";",L28,";",Q28,";",BP28,";",N28,";",H28,";","-1",";",AF28,";",CA28,";",AG28,";",CB28,";",AD28,";",BY28,";",AE28,";",BZ28))," ")
A29: =IFERROR(INDEX((ID),MATCH(H29,BARANG,0)),"…") -> … | B29: =IFERROR(INDEX((cprt),MATCH($H29,Prt,0)),"…") -> pintu | C29: prt | D29: =IFERROR(INDEX((KS),MATCH($H29,Prt,0)),"") -> KS | E29: A« | F29: =IFERROR(INDEX((opt),MATCH($H29,Prt,0)),"") -> 0 | G29: =IFERROR(INDEX((no_ref),MATCH($H29,ref,0)),"...") -> ... | H29: Back Panel Rangka | J29: =+J28 -> 1900 | K29: x | L29: =+L28 -> 327 | M29: x | N29: =+(S29+W29+Y29) -> 19 | O29: =CONCATENATE(J29," ",K29," ",L29," ",M29," ",N29) -> 1900 x 327 x 19 | P29: =IFERROR(INDEX((std_sub_prt),MATCH($H29,Prt,0)),"") -> 1 | Q29: =P29*Q28 -> 1 | R29: =IFERROR(INDEX((std_bhn_prt),MATCH($H29,Prt,0)),"") -> Ply | S29: =IFERROR(INDEX((std_Tbahan_prt),MATCH($H29,Prt,0)),"") -> 18 | T29: =INDEX((std_lapisan_luar_prt),MATCH($H29,Prt,0)) -> 1 | U29: =INDEX((std_lapisan_dalam_prt),MATCH($H29,Prt,0)) -> 0 | V29: =IFERROR(INDEX((tf),MATCH(T29,ctf,0)),"") -> WY_5216_D(V) | W29: =IFERROR(INDEX((tebal_lapisan),MATCH($V29,tf,0)),"") -> 1 | X29: =IFERROR(INDEX((tf),MATCH(U29,ctf,0)),"") -> Polos | Y29: =IFERROR(INDEX((tebal_lapisan),MATCH($X29,tf,0)),"") -> 0 | Z29: =INDEX((std_edg_P1_prt),MATCH($H29,Prt,0)) -> 1 | AA29: =INDEX((std_edg_P2_prt),MATCH($H29,Prt,0)) -> 1 | AB29: =INDEX((std_edg_L1_prt),MATCH($H29,Prt,0)) -> 1 | AC29: =INDEX((std_edg_L2_prt),MATCH($H29,Prt,0)) -> 1 | AD29: =IF($B29="alu",(INDEX((Fr),MATCH(Z29,cfr,0))),INDEX((te),MATCH(Z29,cte,0))) -> Edg_EAW_5216D1 | AE29: =IF($B29="alu",(INDEX((Fr),MATCH(AA29,cfr,0))),INDEX((te),MATCH(AA29,cte,0))) -> Edg_EAW_5216D1 | AF29: =IF($B29="alu",(INDEX((Fr),MATCH(AB29,cfr,0))),INDEX((te),MATCH(AB29,cte,0))) -> Edg_EAW_5216D1 | AG29: =IF($B29="alu",(INDEX((Fr),MATCH(AC29,cfr,0))),INDEX((te),MATCH(AC29,cte,0))) -> Edg_EAW_5216D1 | AH29: =IFERROR(INDEX((std_profil3_prt),MATCH($H29,Prt,0)),"") -> 0 | AI29: =IFERROR(INDEX((std_profil2_prt),MATCH($H29,Prt,0)),"") -> 0 | AJ29: =IFERROR(INDEX((std_profil_prt),MATCH($H29,Prt,0)),"") -> 0 | AK29: =IFERROR(INDEX((std_siku_prt),MATCH($H29,Prt,0)),"") -> 0 | AL29: =IFERROR(INDEX((std_screw_prt),MATCH($H29,Prt,0)),"") -> 0 | AN29: =IFERROR(INDEX((std_rel_prt),MATCH($H29,Prt,0)),"") -> 0 | AO29: =IFERROR(INDEX((std_engsel_prt),MATCH($H29,Prt,0)),"") -> 0 | AP29: =IFERROR(INDEX((std_anodizev_proses),MATCH($I29,pk,0)),"") | AQ29: =IFERROR(INDEX((std_anodizev2_proses),MATCH($I29,pk,0)),"") | AR29: =IFERROR(INDEX((std_anodizeh_proses),MATCH($I29,pk,0)),"") | AS29: =IFERROR(INDEX((std_anodize_per_ukuran),MATCH($H29,Prt,0)),"") -> 0 | AT29: =IF($AS29=edging7,L29,IF($AS29=edging8,L29,IF($AS29=edging9,L29,IF($AS29=Hand1,J28,IF($AS29=Hand2,L28,IF($AS29=hand3,"diisi manual",IF($AS29=hand4,"diisi manual",IF($AS29=hand5,"diisi manual",IF($AS29=mled02,J29,IF($AS29=mprf1,J29,IF($AS29=mlis1,J29,""))))))))))) | AU29: =IF($AS29="","",Q29*BR29) -> 0 | AW29: =CONCATENATE(VLOOKUP($V29,tabtf,2,0),VLOOKUP($X29,tabtf,2,0)) -> 13 | AX29: =IF($B29="alu",(CONCATENATE(VLOOKUP($AD29,tabfr,2,0),VLOOKUP($AE29,tabfr,2,0),VLOOKUP($AF29,tabfr,2,0),VLOOKUP($AG29,tabfr,2,0))),(CONCATENATE(VLOOKUP($AD29,tabte,2,0),VLOOKUP($AE29,tabte,2,0),VLOOKUP($AF29,tabte,2,0),VLOOKUP($AG29,tabte,2,0)))) -> 4444 | AY29: =IFERROR(VLOOKUP(AW29,descf,2,0),"") -> WY_5216_D(V)_1mk_Polos | AZ29: =IF($B29="alu",(VLOOKUP(AX29,descfr,2,0)),(VLOOKUP(AX29,desce,2,0))) -> Edg_EAW_5216D1_Keliling | BA29: =IF($R29=0,CONCATENATE(0,")"," ",$H29," ",$J29),CONCATENATE(VLOOKUP(H29,tabprt,2,0),")",$H29,"_",AY29)) -> 403)Back Panel Rangka_WY_5216_D(V)_1mk_Polos | BB29: =IF($B29="…",CONCATENATE(0,$E29,")"," ",$H29),IF($B29="kc",CONCATENATE(VLOOKUP(H29,tabprt,2,0),")",$H29," ",$R29," ",$S29,"mm"," ","-"," "," ",";"," ",$AZ29," ",$I29),IF($B29="alu",CONCATENATE(VLOOKUP(H29,tabprt,2,0),")",$H29," ",$R29," ",$S29,"mm"," ","-"," "," ",";"," ",$AZ29," ",$I29),CONCATENATE(VLOOKUP(H29,tabprt,2,0),")",$H29," ",$R29," ",$S29,"mm"," ","-"," ",$AY29," ",";"," ",$AZ29," ",$I29)))) -> 403)Back Panel Rangka Ply 18mm - WY_5216_D(V)_1mk_Polos ; Edg_EAW_5216D1_Keliling | BD29: =IFERROR(INDEX((std_minifix_prt),MATCH($H29,Prt,0)),"") -> 0 | BE29: =IFERROR(INDEX((std_dowel_prt),MATCH($H29,Prt,0)),"") -> 0 | BF29: =IFERROR(INDEX((std_j_sikufr_prt),MATCH($H29,Prt,0)),"")*Q29 -> 0 | BG29: =IFERROR(INDEX((std_j_screwjf_prt),MATCH($H29,Prt,0)),"")*Q29 -> 0 | BH29: =IF($AM29=0,0,1)*Q29 -> 0 | BI29: =IF($AO29=0,0,IF(J29<=fp,2,(ROUNDUP(J29/fp,0))))*Q29 -> 0 | BJ29: =IF($AN29=0,0,1)*Q29 -> 0 | BK29: =(($J29+tol_p)*$Q29)/1000 -> 1.94 | BL29: =(($L29+tol_p)*$Q29)/1000 -> 0.367 | BM29: =IF(R29=0,0,((2*((J29+tol_p)+(L29+tol_p))*Q29)/1000)) -> 4.614 | BN29: =((J29*L29)/1000000)*Q29 -> 0.6213 | BO29: =CONCATENATE(R29,"_",S29) -> Ply_18 | BP29: =CONCATENATE(R29," ",S29," ",AY29) -> Ply 18 WY_5216_D(V)_1mk_Polos | BQ29: =((J29*L29*Q29)/(2400*1200))+10% -> 0.31572917 | BR29: =IFERROR(INDEX((std_jml_anodize_per_uk),MATCH($H29,Prt,0)),"") -> 0 | BS29: =IF($BD29=0,0,IF($L29<150,2,((ROUNDUP($L29/fm,0)*2))))*$Q29 -> 0 | BT29: =IF($BE29=0,0,IF($L29<150,2,((ROUNDUP($L29/fd,0)*2))))*$Q29 -> 0 | BU29: =BF29*$Q29 -> 0 | BV29: =BG29*$Q29 -> 0 | BW29: =+((J29*L29)*Q29)/1000000 -> 0.6213 | BX29: =+((J29*L29*N29)*Q29)/1000000000 -> 0.0118047 | BY29: =IFERROR(INDEX((tbl_edg),MATCH($AD29,Edg,0)),"") | BZ29: =IFERROR(INDEX((tbl_edg),MATCH($AE29,Edg,0)),"") | CA29: =IFERROR(INDEX((tbl_edg),MATCH($AF29,Edg,0)),"") | CB29: =IFERROR(INDEX((tbl_edg),MATCH($AG29,Edg,0)),"") | CC29: =IFERROR((J29-CA29-CB29),"") | CD29: =IFERROR((L29-BY29-BZ29),"") | CE29: =IFERROR((CONCATENATE(CC29," ","x"," ",CD29," ","x"," ",N29)),"") -> x x 19 | CF29: =IF(F29=1,(CONCATENATE(J29,";",L29,";",Q29,";",BP29,";",N29,";",H29,";","-1",";",AF29,";",CA29,";",AG29,";",CB29,";",AD29,";",BY29,";",AE29,";",BZ29))," ")
A30: =IFERROR(INDEX((ID),MATCH(H30,BARANG,0)),"…") -> … | B30: =IFERROR(INDEX((cprt),MATCH($H30,Prt,0)),"…") -> pintu | C30: prt | D30: =IFERROR(INDEX((KS),MATCH($H30,Prt,0)),"") -> KS | E30: A | F30: =IFERROR(INDEX((opt),MATCH($H30,Prt,0)),"") -> 1 | G30: =IFERROR(INDEX((no_ref),MATCH($H30,ref,0)),"...") -> ... | H30: Rangka back panel | J30: 2430 | K30: x | L30: =ROUNDDOWN(N28-N29-tol,0) -> 55 | M30: x | N30: =+(S30+W30+Y30) -> 18.5 | O30: =CONCATENATE(J30," ",K30," ",L30," ",M30," ",N30) -> 2430 x 55 x 18,5 | P30: =ROUNDUP((((2*J28)+(4*L28))/2440),0) -> 3 | Q30: =+P30*Q28 -> 3 | R30: =IFERROR(INDEX((std_bhn_prt),MATCH($H30,Prt,0)),"") -> Ply | S30: =IFERROR(INDEX((std_Tbahan_prt),MATCH($H30,Prt,0)),"") -> 18 | T30: =INDEX((std_lapisan_luar_prt),MATCH($H30,Prt,0)) -> 0 | U30: =INDEX((std_lapisan_dalam_prt),MATCH($H30,Prt,0)) -> 22 | V30: =IFERROR(INDEX((tf),MATCH(T30,ctf,0)),"") -> Polos | W30: =IFERROR(INDEX((tebal_lapisan),MATCH($V30,tf,0)),"") -> 0 | X30: =IFERROR(INDEX((tf),MATCH(U30,ctf,0)),"") -> Aica | Y30: =IFERROR(INDEX((tebal_lapisan),MATCH($X30,tf,0)),"") -> 0.5 | Z30: =INDEX((std_edg_P1_prt),MATCH($H30,Prt,0)) -> 0 | AA30: =INDEX((std_edg_P2_prt),MATCH($H30,Prt,0)) -> 9 | AB30: =INDEX((std_edg_L1_prt),MATCH($H30,Prt,0)) -> 0 | AC30: =INDEX((std_edg_L2_prt),MATCH($H30,Prt,0)) -> 0 | AD30: =IF($B30="alu",(INDEX((Fr),MATCH(Z30,cfr,0))),INDEX((te),MATCH(Z30,cte,0))) | AE30: =IF($B30="alu",(INDEX((Fr),MATCH(AA30,cfr,0))),INDEX((te),MATCH(AA30,cte,0))) -> Melanor | AF30: =IF($B30="alu",(INDEX((Fr),MATCH(AB30,cfr,0))),INDEX((te),MATCH(AB30,cte,0))) | AG30: =IF($B30="alu",(INDEX((Fr),MATCH(AC30,cfr,0))),INDEX((te),MATCH(AC30,cte,0))) | AH30: =IFERROR(INDEX((std_profil3_prt),MATCH($H30,Prt,0)),"") -> 0 | AI30: =IFERROR(INDEX((std_profil2_prt),MATCH($H30,Prt,0)),"") -> 0 | AJ30: =IFERROR(INDEX((std_profil_prt),MATCH($H30,Prt,0)),"") -> 0 | AK30: =IFERROR(INDEX((std_siku_prt),MATCH($H30,Prt,0)),"") -> 0 | AL30: =IFERROR(INDEX((std_screw_prt),MATCH($H30,Prt,0)),"") -> 0 | AN30: =IFERROR(INDEX((std_rel_prt),MATCH($H30,Prt,0)),"") -> 0 | AO30: =IFERROR(INDEX((std_engsel_prt),MATCH($H30,Prt,0)),"") -> 0 | AP30: =IFERROR(INDEX((std_anodizev_proses),MATCH($I30,pk,0)),"") | AQ30: =IFERROR(INDEX((std_anodizev2_proses),MATCH($I30,pk,0)),"") | AR30: =IFERROR(INDEX((std_anodizeh_proses),MATCH($I30,pk,0)),"") | AS30: =IFERROR(INDEX((std_anodize_per_ukuran),MATCH($H30,Prt,0)),"") -> 0 | AT30: =IF($AS30=edging7,L30,IF($AS30=edging8,L30,IF($AS30=edging9,L30,IF($AS30=Hand1,J29,IF($AS30=Hand2,L29,IF($AS30=hand3,"diisi manual",IF($AS30=hand4,"diisi manual",IF($AS30=hand5,"diisi manual",IF($AS30=mled02,J30,IF($AS30=mprf1,J30,IF($AS30=mlis1,J30,""))))))))))) | AU30: =IF($AS30="","",Q30*BR30) -> 0 | AW30: =CONCATENATE(VLOOKUP($V30,tabtf,2,0),VLOOKUP($X30,tabtf,2,0)) -> 37 | AX30: =IF($B30="alu",(CONCATENATE(VLOOKUP($AD30,tabfr,2,0),VLOOKUP($AE30,tabfr,2,0),VLOOKUP($AF30,tabfr,2,0),VLOOKUP($AG30,tabfr,2,0))),(CONCATENATE(VLOOKUP($AD30,tabte,2,0),VLOOKUP($AE30,tabte,2,0),VLOOKUP($AF30,tabte,2,0),VLOOKUP($AG30,tabte,2,0)))) -> 3233 | AY30: =IFERROR(VLOOKUP(AW30,descf,2,0),"") -> Aica_1mk_Polos | AZ30: =IF($B30="alu",(VLOOKUP(AX30,descfr,2,0)),(VLOOKUP(AX30,desce,2,0))) -> Melanor_1sisi_pjg | BA30: =IF($R30=0,CONCATENATE(0,")"," ",$H30," ",$J30),CONCATENATE(VLOOKUP(H30,tabprt,2,0),")",$H30,"_",AY30)) -> 414)Rangka back panel_Aica_1mk_Polos | BB30: =IF($B30="…",CONCATENATE(0,$E30,")"," ",$H30),IF($B30="kc",CONCATENATE(VLOOKUP(H30,tabprt,2,0),")",$H30," ",$R30," ",$S30,"mm"," ","-"," "," ",";"," ",$AZ30," ",$I30),IF($B30="alu",CONCATENATE(VLOOKUP(H30,tabprt,2,0),")",$H30," ",$R30," ",$S30,"mm"," ","-"," "," ",";"," ",$AZ30," ",$I30),CONCATENATE(VLOOKUP(H30,tabprt,2,0),")",$H30," ",$R30," ",$S30,"mm"," ","-"," ",$AY30," ",";"," ",$AZ30," ",$I30)))) -> 414)Rangka back panel Ply 18mm - Aica_1mk_Polos ; Melanor_1sisi_pjg | BD30: =IFERROR(INDEX((std_minifix_prt),MATCH($H30,Prt,0)),"") -> 0 | BE30: =IFERROR(INDEX((std_dowel_prt),MATCH($H30,Prt,0)),"") -> 0 | BF30: =IFERROR(INDEX((std_j_sikufr_prt),MATCH($H30,Prt,0)),"")*Q30 -> 0 | BG30: =IFERROR(INDEX((std_j_screwjf_prt),MATCH($H30,Prt,0)),"")*Q30 -> 0 | BH30: =IF($AM30=0,0,1)*Q30 -> 0 | BI30: =IF($AO30=0,0,IF(J30<=fp,2,(ROUNDUP(J30/fp,0))))*Q30 -> 0 | BJ30: =IF($AN30=0,0,1)*Q30 -> 0 | BK30: =(($J30+tol_p)*$Q30)/1000 -> 7.41 | BL30: =(($L30+tol_p)*$Q30)/1000 -> 0.285 | BM30: =IF(R30=0,0,((2*((J30+tol_p)+(L30+tol_p))*Q30)/1000)) -> 15.39 | BN30: =((J30*L30)/1000000)*Q30 -> 0.40095 | BO30: =CONCATENATE(R30,"_",S30) -> Ply_18 | BP30: =CONCATENATE(R30," ",S30," ",AY30) -> Ply 18 Aica_1mk_Polos | BQ30: =((J30*L30*Q30)/(2400*1200))+10% -> 0.23921875 | BR30: =IFERROR(INDEX((std_jml_anodize_per_uk),MATCH($H30,Prt,0)),"") -> 0 | BS30: =IF($BD30=0,0,IF($L30<150,2,((ROUNDUP($L30/fm,0)*2))))*$Q30 -> 0 | BT30: =IF($BE30=0,0,IF($L30<150,2,((ROUNDUP($L30/fd,0)*2))))*$Q30 -> 0 | BU30: =BF30*$Q30 -> 0 | BV30: =BG30*$Q30 -> 0 | BW30: =+((J30*L30)*Q30)/1000000 -> 0.40095 | BX30: =+((J30*L30*N30)*Q30)/1000000000 -> 0.007417575 | BY30: =IFERROR(INDEX((tbl_edg),MATCH($AD30,Edg,0)),"") | BZ30: =IFERROR(INDEX((tbl_edg),MATCH($AE30,Edg,0)),"") -> 0.5 | CA30: =IFERROR(INDEX((tbl_edg),MATCH($AF30,Edg,0)),"") | CB30: =IFERROR(INDEX((tbl_edg),MATCH($AG30,Edg,0)),"") | CC30: =IFERROR((J30-CA30-CB30),"") | CD30: =IFERROR((L30-BY30-BZ30),"") | CE30: =IFERROR((CONCATENATE(CC30," ","x"," ",CD30," ","x"," ",N30)),"") -> x x 18,5 | CF30: =IF(F30=1,(CONCATENATE(J30,";",L30,";",Q30,";",BP30,";",N30,";",H30,";","-1",";",AF30,";",CA30,";",AG30,";",CB30,";",AD30,";",BY30,";",AE30,";",BZ30))," ") -> 2430;55;3;Ply 18 Aica_1mk_Polos;18,5;Rangka back panel;-1; ;; ;; ;;Melanor;0,5
A32: =IFERROR(INDEX((ID),MATCH(H32,BARANG,0)),"…") -> … | B32: =IFERROR(INDEX((cprt),MATCH($H32,Prt,0)),"…") -> pintu | C32: prt | D32: =IFERROR(INDEX((KS),MATCH($H32,Prt,0)),"") -> KS | E32: A | F32: =IFERROR(INDEX((opt),MATCH($H32,Prt,0)),"") -> 0 | G32: =IFERROR(INDEX((no_ref),MATCH($H32,ref,0)),"...") -> ... | H32: Braket miring | J32: =+ROUNDDOWN(L28-N30-N30,0) -> 290 | K32: x | L32: 100 | M32: x | N32: =+(S32+W32+Y32) -> 18 | O32: =CONCATENATE(J32," ",K32," ",L32," ",M32," ",N32) -> 290 x 100 x 18 | P32: 4 | Q32: =+P32*Q28 -> 4 | R32: =IFERROR(INDEX((std_bhn_prt),MATCH($H32,Prt,0)),"") -> Ply | S32: =IFERROR(INDEX((std_Tbahan_prt),MATCH($H32,Prt,0)),"") -> 18 | T32: =INDEX((std_lapisan_luar_prt),MATCH($H32,Prt,0)) -> 0 | U32: =INDEX((std_lapisan_dalam_prt),MATCH($H32,Prt,0)) -> 0 | V32: =IFERROR(INDEX((tf),MATCH(T32,ctf,0)),"") -> Polos | W32: =IFERROR(INDEX((tebal_lapisan),MATCH($V32,tf,0)),"") -> 0 | X32: =IFERROR(INDEX((tf),MATCH(U32,ctf,0)),"") -> Polos | Y32: =IFERROR(INDEX((tebal_lapisan),MATCH($X32,tf,0)),"") -> 0 | Z32: =INDEX((std_edg_P1_prt),MATCH($H32,Prt,0)) -> 0 | AA32: =INDEX((std_edg_P2_prt),MATCH($H32,Prt,0)) -> 0 | AB32: =INDEX((std_edg_L1_prt),MATCH($H32,Prt,0)) -> 0 | AC32: =INDEX((std_edg_L2_prt),MATCH($H32,Prt,0)) -> 0 | AD32: =IF($B32="alu",(INDEX((Fr),MATCH(Z32,cfr,0))),INDEX((te),MATCH(Z32,cte,0))) | AE32: =IF($B32="alu",(INDEX((Fr),MATCH(AA32,cfr,0))),INDEX((te),MATCH(AA32,cte,0))) | AF32: =IF($B32="alu",(INDEX((Fr),MATCH(AB32,cfr,0))),INDEX((te),MATCH(AB32,cte,0))) | AG32: =IF($B32="alu",(INDEX((Fr),MATCH(AC32,cfr,0))),INDEX((te),MATCH(AC32,cte,0))) | AH32: =IFERROR(INDEX((std_profil3_prt),MATCH($H32,Prt,0)),"") -> 0 | AI32: =IFERROR(INDEX((std_profil2_prt),MATCH($H32,Prt,0)),"") -> 0 | AJ32: =IFERROR(INDEX((std_profil_prt),MATCH($H32,Prt,0)),"") -> 0 | AK32: =IFERROR(INDEX((std_siku_prt),MATCH($H32,Prt,0)),"") -> 0 | AL32: =IFERROR(INDEX((std_screw_prt),MATCH($H32,Prt,0)),"") -> 0 | AN32: =IFERROR(INDEX((std_rel_prt),MATCH($H32,Prt,0)),"") -> 0 | AO32: =IFERROR(INDEX((std_engsel_prt),MATCH($H32,Prt,0)),"") -> 0 | AP32: =IFERROR(INDEX((std_anodizev_proses),MATCH($I32,pk,0)),"") | AQ32: =IFERROR(INDEX((std_anodizev2_proses),MATCH($I32,pk,0)),"") | AR32: =IFERROR(INDEX((std_anodizeh_proses),MATCH($I32,pk,0)),"") | AS32: =IFERROR(INDEX((std_anodize_per_ukuran),MATCH($H32,Prt,0)),"") -> 0 | AT32: =IF($AS32=edging7,L32,IF($AS32=edging8,L32,IF($AS32=edging9,L32,IF($AS32=Hand1,J31,IF($AS32=Hand2,L31,IF($AS32=hand3,"diisi manual",IF($AS32=hand4,"diisi manual",IF($AS32=hand5,"diisi manual",IF($AS32=mled02,J32,IF($AS32=mprf1,J32,IF($AS32=mlis1,J32,""))))))))))) | AU32: =IF($AS32="","",Q32*BR32) -> 0 | AW32: =CONCATENATE(VLOOKUP($V32,tabtf,2,0),VLOOKUP($X32,tabtf,2,0)) -> 33 | AX32: =IF($B32="alu",(CONCATENATE(VLOOKUP($AD32,tabfr,2,0),VLOOKUP($AE32,tabfr,2,0),VLOOKUP($AF32,tabfr,2,0),VLOOKUP($AG32,tabfr,2,0))),(CONCATENATE(VLOOKUP($AD32,tabte,2,0),VLOOKUP($AE32,tabte,2,0),VLOOKUP($AF32,tabte,2,0),VLOOKUP($AG32,tabte,2,0)))) -> 3333 | AY32: =IFERROR(VLOOKUP(AW32,descf,2,0),"") -> Polos | AZ32: =IF($B32="alu",(VLOOKUP(AX32,descfr,2,0)),(VLOOKUP(AX32,desce,2,0))) -> - | BA32: =IF($R32=0,CONCATENATE(0,")"," ",$H32," ",$J32),CONCATENATE(VLOOKUP(H32,tabprt,2,0),")",$H32,"_",AY32)) -> 421)Braket miring_Polos | BB32: =IF($B32="…",CONCATENATE(0,$E32,")"," ",$H32),IF($B32="kc",CONCATENATE(VLOOKUP(H32,tabprt,2,0),")",$H32," ",$R32," ",$S32,"mm"," ","-"," "," ",";"," ",$AZ32," ",$I32),IF($B32="alu",CONCATENATE(VLOOKUP(H32,tabprt,2,0),")",$H32," ",$R32," ",$S32,"mm"," ","-"," "," ",";"," ",$AZ32," ",$I32),CONCATENATE(VLOOKUP(H32,tabprt,2,0),")",$H32," ",$R32," ",$S32,"mm"," ","-"," ",$AY32," ",";"," ",$AZ32," ",$I32)))) -> 421)Braket miring Ply 18mm - Polos ; - | BD32: =IFERROR(INDEX((std_minifix_prt),MATCH($H32,Prt,0)),"") -> 0 | BE32: =IFERROR(INDEX((std_dowel_prt),MATCH($H32,Prt,0)),"") -> 0 | BF32: =IFERROR(INDEX((std_j_sikufr_prt),MATCH($H32,Prt,0)),"")*Q32 -> 0 | BG32: =IFERROR(INDEX((std_j_screwjf_prt),MATCH($H32,Prt,0)),"")*Q32 -> 0 | BH32: =IF($AM32=0,0,1)*Q32 -> 0 | BI32: =IF($AO32=0,0,IF(J32<=fp,2,(ROUNDUP(J32/fp,0))))*Q32 -> 0 | BJ32: =IF($AN32=0,0,1)*Q32 -> 0 | BK32: =(($J32+tol_p)*$Q32)/1000 -> 1.32 | BL32: =(($L32+tol_p)*$Q32)/1000 -> 0.56 | BM32: =IF(R32=0,0,((2*((J32+tol_p)+(L32+tol_p))*Q32)/1000)) -> 3.76 | BN32: =((J32*L32)/1000000)*Q32 -> 0.116 | BO32: =CONCATENATE(R32,"_",S32) -> Ply_18 | BP32: =CONCATENATE(R32," ",S32," ",AY32) -> Ply 18 Polos | BQ32: =((J32*L32*Q32)/(2400*1200))+10% -> 0.14027778 | BR32: =IFERROR(INDEX((std_jml_anodize_per_uk),MATCH($H32,Prt,0)),"") -> 0 | BS32: =IF($BD32=0,0,IF($L32<150,2,((ROUNDUP($L32/fm,0)*2))))*$Q32 -> 0 | BT32: =IF($BE32=0,0,IF($L32<150,2,((ROUNDUP($L32/fd,0)*2))))*$Q32 -> 0 | BU32: =BF32*$Q32 -> 0 | BV32: =BG32*$Q32 -> 0 | BW32: =+((J32*L32)*Q32)/1000000 -> 0.116 | BX32: =+((J32*L32*N32)*Q32)/1000000000 -> 0.002088 | BY32: =IFERROR(INDEX((tbl_edg),MATCH($AD32,Edg,0)),"") | BZ32: =IFERROR(INDEX((tbl_edg),MATCH($AE32,Edg,0)),"") | CA32: =IFERROR(INDEX((tbl_edg),MATCH($AF32,Edg,0)),"") | CB32: =IFERROR(INDEX((tbl_edg),MATCH($AG32,Edg,0)),"") | CC32: =IFERROR((J32-CA32-CB32),"") | CD32: =IFERROR((L32-BY32-BZ32),"") | CE32: =IFERROR((CONCATENATE(CC32," ","x"," ",CD32," ","x"," ",N32)),"") -> x x 18 | CF32: =IF(F32=1,(CONCATENATE(J32,";",L32,";",Q32,";",BP32,";",N32,";",H32,";","-1",";",AF32,";",CA32,";",AG32,";",CB32,";",AD32,";",BY32,";",AE32,";",BZ32))," ")
A34: =IFERROR(INDEX((ID),MATCH(H34,BARANG,0)),"…") -> … | B34: =IFERROR(INDEX((cprt),MATCH($H34,Prt,0)),"…") -> … | C34: Set_up | D34: =(INDEX(KS_Set,MATCH($H34,Set_prt,0))) -> [ks] | E34: A | F34: =IFERROR(INDEX((opt),MATCH($H34,Prt,0)),"") | G34: =IFERROR(INDEX((no_ref),MATCH($H34,ref,0)),"...") -> • | H34: Back Panel Rangka (rakit tukang) | J34: 1390 | K34: x | L34: 327 | M34: x | N34: 75 | O34: =CONCATENATE(J34," ",K34," ",L34," ",M34," ",N34) -> 1390 x 327 x 75 | Q34: 1 | AD34: =IF($B34="alu",(INDEX((Fr),MATCH(Z34,cfr,0))),INDEX((te),MATCH(Z34,cte,0))) | AE34: =IF($B34="alu",(INDEX((Fr),MATCH(AA34,cfr,0))),INDEX((te),MATCH(AA34,cte,0))) | AF34: =IF($B34="alu",(INDEX((Fr),MATCH(AB34,cfr,0))),INDEX((te),MATCH(AB34,cte,0))) | AG34: =IF($B34="alu",(INDEX((Fr),MATCH(AC34,cfr,0))),INDEX((te),MATCH(AC34,cte,0))) | AK34: =IFERROR(INDEX((std_siku_prt),MATCH($H34,Prt,0)),"") | AL34: =IFERROR(INDEX((std_screw_prt),MATCH($H34,Prt,0)),"") | AP34: =IFERROR(INDEX((std_anodizev_proses),MATCH($I34,pk,0)),"") | AQ34: =IFERROR(INDEX((std_anodizev2_proses),MATCH($I34,pk,0)),"") | AR34: =IFERROR(INDEX((std_anodizeh_proses),MATCH($I34,pk,0)),"") | AU34: =IF($AS34=0,"",Q34*BR34) | AX34: =IF($B34="alu",(CONCATENATE(VLOOKUP($AD34,tabfr,2,0),VLOOKUP($AE34,tabfr,2,0),VLOOKUP($AF34,tabfr,2,0),VLOOKUP($AG34,tabfr,2,0))),(CONCATENATE(VLOOKUP($AD34,tabte,2,0),VLOOKUP($AE34,tabte,2,0),VLOOKUP($AF34,tabte,2,0),VLOOKUP($AG34,tabte,2,0)))) -> 3333 | AY34: =IFERROR(VLOOKUP(AW34,descf,2,0),"") | AZ34: =IF($B34="alu",(VLOOKUP(AX34,descfr,2,0)),(VLOOKUP(AX34,desce,2,0))) -> - | BA34: =IF($R34=0,CONCATENATE(0,")"," ",$H34," ",$J34),CONCATENATE(VLOOKUP(H34,tabprt,2,0),")",$H34,"_",AY34)) -> 0) Back Panel Rangka (rakit tukang) 1390 | BB34: =IF($B34="…",CONCATENATE(0,$E34,")"," ",$H34),IF($B34="kc",CONCATENATE(VLOOKUP(H34,tabprt,2,0),")",$H34," ",$R34," ",$S34,"mm"," ","-"," "," ",";"," ",$AZ34," ",$I34),IF($B34="alu",CONCATENATE(VLOOKUP(H34,tabprt,2,0),")",$H34," ",$R34," ",$S34,"mm"," ","-"," "," ",";"," ",$AZ34," ",$I34),CONCATENATE(VLOOKUP(H34,tabprt,2,0),")",$H34," ",$R34," ",$S34,"mm"," ","-"," ",$AY34," ",";"," ",$AZ34," ",$I34)))) -> 0A) Back Panel Rangka (rakit tukang) | BD34: =IFERROR(INDEX((std_minifix_prt),MATCH($H34,Prt,0)),"") | BE34: =IFERROR(INDEX((std_dowel_prt),MATCH($H34,Prt,0)),"") | BH34: =IF($AM34=0,0,1)*Q34 -> 0 | BI34: =IF($AO34=0,0,IF(J34<=fp,2,(ROUNDUP(J34/fp,0))))*Q34 -> 0 | BJ34: =IF($AN34=0,0,1)*Q34 -> 0 | BK34: =(($J34+tol_p)*$Q34)/1000 -> 1.43 | BL34: =(($L34+tol_p)*$Q34)/1000 -> 0.367 | BM34: =IF(R34=0,0,((2*((J34+tol_p)+(L34+tol_p))*Q34)/1000)) -> 0 | BO34: =CONCATENATE(R34,"_",S34) -> _ | BP34: =CONCATENATE(R34," ",S34," ",AY34) | BQ34: =((J34*L34*Q34)/(2400*1200))+10% -> 0.25782292 | BR34: =IFERROR(INDEX((std_jml_anodize_per_uk),MATCH($H34,Prt,0)),"") | BS34: =IF($BD34=0,0,IF($L34<150,2,((ROUNDUP($L34/fm,0)*2))))*$Q34 -> 4 | BT34: =IF($BE34=0,0,IF($L34<150,2,((ROUNDUP($L34/fd,0)*2))))*$Q34 -> 4 | BW34: =+((J34*L34)*Q34)/1000000 -> 0.45453 | BX34: =+((J34*L34*N34)*Q34)/1000000000 -> 0.03408975 | BY34: =IFERROR(INDEX((tbl_edg),MATCH($AD34,Edg,0)),"") | BZ34: =IFERROR(INDEX((tbl_edg),MATCH($AE34,Edg,0)),"") | CA34: =IFERROR(INDEX((tbl_edg),MATCH($AF34,Edg,0)),"") | CB34: =IFERROR(INDEX((tbl_edg),MATCH($AG34,Edg,0)),"") | CC34: =IFERROR((J34-CA34-CB34),"") | CD34: =IFERROR((L34-BY34-BZ34),"") | CE34: =IFERROR((CONCATENATE(CC34," ","x"," ",CD34," ","x"," ",N34)),"") -> x x 75 | CF34: =IF(F34=1,(CONCATENATE(J34,";",L34,";",Q34,";",BP34,";",N34,";",H34,";","-1",";",AF34,";",CA34,";",AG34,";",CB34,";",AD34,";",BY34,";",AE34,";",BZ34))," ")
A35: =IFERROR(INDEX((ID),MATCH(H35,BARANG,0)),"…") -> … | B35: =IFERROR(INDEX((cprt),MATCH($H35,Prt,0)),"…") -> pintu | C35: prt | D35: =IFERROR(INDEX((KS),MATCH($H35,Prt,0)),"") -> KS | E35: A« | F35: =IFERROR(INDEX((opt),MATCH($H35,Prt,0)),"") -> 0 | G35: =IFERROR(INDEX((no_ref),MATCH($H35,ref,0)),"...") -> ... | H35: Back Panel Rangka | J35: =+J34 -> 1390 | K35: x | L35: =+L34 -> 327 | M35: x | N35: =+(S35+W35+Y35) -> 19 | O35: =CONCATENATE(J35," ",K35," ",L35," ",M35," ",N35) -> 1390 x 327 x 19 | P35: =IFERROR(INDEX((std_sub_prt),MATCH($H35,Prt,0)),"") -> 1 | Q35: =P35*Q34 -> 1 | R35: =IFERROR(INDEX((std_bhn_prt),MATCH($H35,Prt,0)),"") -> Ply | S35: =IFERROR(INDEX((std_Tbahan_prt),MATCH($H35,Prt,0)),"") -> 18 | T35: =INDEX((std_lapisan_luar_prt),MATCH($H35,Prt,0)) -> 1 | U35: =INDEX((std_lapisan_dalam_prt),MATCH($H35,Prt,0)) -> 0 | V35: =IFERROR(INDEX((tf),MATCH(T35,ctf,0)),"") -> WY_5216_D(V) | W35: =IFERROR(INDEX((tebal_lapisan),MATCH($V35,tf,0)),"") -> 1 | X35: =IFERROR(INDEX((tf),MATCH(U35,ctf,0)),"") -> Polos | Y35: =IFERROR(INDEX((tebal_lapisan),MATCH($X35,tf,0)),"") -> 0 | Z35: =INDEX((std_edg_P1_prt),MATCH($H35,Prt,0)) -> 1 | AA35: =INDEX((std_edg_P2_prt),MATCH($H35,Prt,0)) -> 1 | AB35: =INDEX((std_edg_L1_prt),MATCH($H35,Prt,0)) -> 1 | AC35: =INDEX((std_edg_L2_prt),MATCH($H35,Prt,0)) -> 1 | AD35: =IF($B35="alu",(INDEX((Fr),MATCH(Z35,cfr,0))),INDEX((te),MATCH(Z35,cte,0))) -> Edg_EAW_5216D1 | AE35: =IF($B35="alu",(INDEX((Fr),MATCH(AA35,cfr,0))),INDEX((te),MATCH(AA35,cte,0))) -> Edg_EAW_5216D1 | AF35: =IF($B35="alu",(INDEX((Fr),MATCH(AB35,cfr,0))),INDEX((te),MATCH(AB35,cte,0))) -> Edg_EAW_5216D1 | AG35: =IF($B35="alu",(INDEX((Fr),MATCH(AC35,cfr,0))),INDEX((te),MATCH(AC35,cte,0))) -> Edg_EAW_5216D1 | AH35: =IFERROR(INDEX((std_profil3_prt),MATCH($H35,Prt,0)),"") -> 0 | AI35: =IFERROR(INDEX((std_profil2_prt),MATCH($H35,Prt,0)),"") -> 0 | AJ35: =IFERROR(INDEX((std_profil_prt),MATCH($H35,Prt,0)),"") -> 0 | AK35: =IFERROR(INDEX((std_siku_prt),MATCH($H35,Prt,0)),"") -> 0 | AL35: =IFERROR(INDEX((std_screw_prt),MATCH($H35,Prt,0)),"") -> 0 | AN35: =IFERROR(INDEX((std_rel_prt),MATCH($H35,Prt,0)),"") -> 0 | AO35: =IFERROR(INDEX((std_engsel_prt),MATCH($H35,Prt,0)),"") -> 0 | AP35: =IFERROR(INDEX((std_anodizev_proses),MATCH($I35,pk,0)),"") | AQ35: =IFERROR(INDEX((std_anodizev2_proses),MATCH($I35,pk,0)),"") | AR35: =IFERROR(INDEX((std_anodizeh_proses),MATCH($I35,pk,0)),"") | AS35: =IFERROR(INDEX((std_anodize_per_ukuran),MATCH($H35,Prt,0)),"") -> 0 | AT35: =IF($AS35=edging7,L35,IF($AS35=edging8,L35,IF($AS35=edging9,L35,IF($AS35=Hand1,J34,IF($AS35=Hand2,L34,IF($AS35=hand3,"diisi manual",IF($AS35=hand4,"diisi manual",IF($AS35=hand5,"diisi manual",IF($AS35=mled02,J35,IF($AS35=mprf1,J35,IF($AS35=mlis1,J35,""))))))))))) | AU35: =IF($AS35="","",Q35*BR35) -> 0 | AW35: =CONCATENATE(VLOOKUP($V35,tabtf,2,0),VLOOKUP($X35,tabtf,2,0)) -> 13 | AX35: =IF($B35="alu",(CONCATENATE(VLOOKUP($AD35,tabfr,2,0),VLOOKUP($AE35,tabfr,2,0),VLOOKUP($AF35,tabfr,2,0),VLOOKUP($AG35,tabfr,2,0))),(CONCATENATE(VLOOKUP($AD35,tabte,2,0),VLOOKUP($AE35,tabte,2,0),VLOOKUP($AF35,tabte,2,0),VLOOKUP($AG35,tabte,2,0)))) -> 4444 | AY35: =IFERROR(VLOOKUP(AW35,descf,2,0),"") -> WY_5216_D(V)_1mk_Polos | AZ35: =IF($B35="alu",(VLOOKUP(AX35,descfr,2,0)),(VLOOKUP(AX35,desce,2,0))) -> Edg_EAW_5216D1_Keliling | BA35: =IF($R35=0,CONCATENATE(0,")"," ",$H35," ",$J35),CONCATENATE(VLOOKUP(H35,tabprt,2,0),")",$H35,"_",AY35)) -> 403)Back Panel Rangka_WY_5216_D(V)_1mk_Polos | BB35: =IF($B35="…",CONCATENATE(0,$E35,")"," ",$H35),IF($B35="kc",CONCATENATE(VLOOKUP(H35,tabprt,2,0),")",$H35," ",$R35," ",$S35,"mm"," ","-"," "," ",";"," ",$AZ35," ",$I35),IF($B35="alu",CONCATENATE(VLOOKUP(H35,tabprt,2,0),")",$H35," ",$R35," ",$S35,"mm"," ","-"," "," ",";"," ",$AZ35," ",$I35),CONCATENATE(VLOOKUP(H35,tabprt,2,0),")",$H35," ",$R35," ",$S35,"mm"," ","-"," ",$AY35," ",";"," ",$AZ35," ",$I35)))) -> 403)Back Panel Rangka Ply 18mm - WY_5216_D(V)_1mk_Polos ; Edg_EAW_5216D1_Keliling | BD35: =IFERROR(INDEX((std_minifix_prt),MATCH($H35,Prt,0)),"") -> 0 | BE35: =IFERROR(INDEX((std_dowel_prt),MATCH($H35,Prt,0)),"") -> 0 | BF35: =IFERROR(INDEX((std_j_sikufr_prt),MATCH($H35,Prt,0)),"")*Q35 -> 0 | BG35: =IFERROR(INDEX((std_j_screwjf_prt),MATCH($H35,Prt,0)),"")*Q35 -> 0 | BH35: =IF($AM35=0,0,1)*Q35 -> 0 | BI35: =IF($AO35=0,0,IF(J35<=fp,2,(ROUNDUP(J35/fp,0))))*Q35 -> 0 | BJ35: =IF($AN35=0,0,1)*Q35 -> 0 | BK35: =(($J35+tol_p)*$Q35)/1000 -> 1.43 | BL35: =(($L35+tol_p)*$Q35)/1000 -> 0.367 | BM35: =IF(R35=0,0,((2*((J35+tol_p)+(L35+tol_p))*Q35)/1000)) -> 3.594 | BN35: =((J35*L35)/1000000)*Q35 -> 0.45453 | BO35: =CONCATENATE(R35,"_",S35) -> Ply_18 | BP35: =CONCATENATE(R35," ",S35," ",AY35) -> Ply 18 WY_5216_D(V)_1mk_Polos | BQ35: =((J35*L35*Q35)/(2400*1200))+10% -> 0.25782292 | BR35: =IFERROR(INDEX((std_jml_anodize_per_uk),MATCH($H35,Prt,0)),"") -> 0 | BS35: =IF($BD35=0,0,IF($L35<150,2,((ROUNDUP($L35/fm,0)*2))))*$Q35 -> 0 | BT35: =IF($BE35=0,0,IF($L35<150,2,((ROUNDUP($L35/fd,0)*2))))*$Q35 -> 0 | BU35: =BF35*$Q35 -> 0 | BV35: =BG35*$Q35 -> 0 | BW35: =+((J35*L35)*Q35)/1000000 -> 0.45453 | BX35: =+((J35*L35*N35)*Q35)/1000000000 -> 0.00863607 | BY35: =IFERROR(INDEX((tbl_edg),MATCH($AD35,Edg,0)),"") | BZ35: =IFERROR(INDEX((tbl_edg),MATCH($AE35,Edg,0)),"") | CA35: =IFERROR(INDEX((tbl_edg),MATCH($AF35,Edg,0)),"") | CB35: =IFERROR(INDEX((tbl_edg),MATCH($AG35,Edg,0)),"") | CC35: =IFERROR((J35-CA35-CB35),"") | CD35: =IFERROR((L35-BY35-BZ35),"") | CE35: =IFERROR((CONCATENATE(CC35," ","x"," ",CD35," ","x"," ",N35)),"") -> x x 19 | CF35: =IF(F35=1,(CONCATENATE(J35,";",L35,";",Q35,";",BP35,";",N35,";",H35,";","-1",";",AF35,";",CA35,";",AG35,";",CB35,";",AD35,";",BY35,";",AE35,";",BZ35))," ")
A36: =IFERROR(INDEX((ID),MATCH(H36,BARANG,0)),"…") -> … | B36: =IFERROR(INDEX((cprt),MATCH($H36,Prt,0)),"…") -> pintu | C36: prt | D36: =IFERROR(INDEX((KS),MATCH($H36,Prt,0)),"") -> KS | E36: A | F36: =IFERROR(INDEX((opt),MATCH($H36,Prt,0)),"") -> 1 | G36: =IFERROR(INDEX((no_ref),MATCH($H36,ref,0)),"...") -> ... | H36: Rangka back panel | J36: 2430 | K36: x | L36: =ROUNDDOWN(N34-N35-tol,0) -> 55 | M36: x | N36: =+(S36+W36+Y36) -> 18.5 | O36: =CONCATENATE(J36," ",K36," ",L36," ",M36," ",N36) -> 2430 x 55 x 18,5 | P36: =ROUNDUP((((2*J34)+(4*L34))/2440),0) -> 2 | Q36: =+P36*Q34 -> 2 | R36: =IFERROR(INDEX((std_bhn_prt),MATCH($H36,Prt,0)),"") -> Ply | S36: =IFERROR(INDEX((std_Tbahan_prt),MATCH($H36,Prt,0)),"") -> 18 | T36: =INDEX((std_lapisan_luar_prt),MATCH($H36,Prt,0)) -> 0 | U36: =INDEX((std_lapisan_dalam_prt),MATCH($H36,Prt,0)) -> 22 | V36: =IFERROR(INDEX((tf),MATCH(T36,ctf,0)),"") -> Polos | W36: =IFERROR(INDEX((tebal_lapisan),MATCH($V36,tf,0)),"") -> 0 | X36: =IFERROR(INDEX((tf),MATCH(U36,ctf,0)),"") -> Aica | Y36: =IFERROR(INDEX((tebal_lapisan),MATCH($X36,tf,0)),"") -> 0.5 | Z36: =INDEX((std_edg_P1_prt),MATCH($H36,Prt,0)) -> 0 | AA36: =INDEX((std_edg_P2_prt),MATCH($H36,Prt,0)) -> 9 | AB36: =INDEX((std_edg_L1_prt),MATCH($H36,Prt,0)) -> 0 | AC36: =INDEX((std_edg_L2_prt),MATCH($H36,Prt,0)) -> 0 | AD36: =IF($B36="alu",(INDEX((Fr),MATCH(Z36,cfr,0))),INDEX((te),MATCH(Z36,cte,0))) | AE36: =IF($B36="alu",(INDEX((Fr),MATCH(AA36,cfr,0))),INDEX((te),MATCH(AA36,cte,0))) -> Melanor | AF36: =IF($B36="alu",(INDEX((Fr),MATCH(AB36,cfr,0))),INDEX((te),MATCH(AB36,cte,0))) | AG36: =IF($B36="alu",(INDEX((Fr),MATCH(AC36,cfr,0))),INDEX((te),MATCH(AC36,cte,0))) | AH36: =IFERROR(INDEX((std_profil3_prt),MATCH($H36,Prt,0)),"") -> 0 | AI36: =IFERROR(INDEX((std_profil2_prt),MATCH($H36,Prt,0)),"") -> 0 | AJ36: =IFERROR(INDEX((std_profil_prt),MATCH($H36,Prt,0)),"") -> 0 | AK36: =IFERROR(INDEX((std_siku_prt),MATCH($H36,Prt,0)),"") -> 0 | AL36: =IFERROR(INDEX((std_screw_prt),MATCH($H36,Prt,0)),"") -> 0 | AN36: =IFERROR(INDEX((std_rel_prt),MATCH($H36,Prt,0)),"") -> 0 | AO36: =IFERROR(INDEX((std_engsel_prt),MATCH($H36,Prt,0)),"") -> 0 | AP36: =IFERROR(INDEX((std_anodizev_proses),MATCH($I36,pk,0)),"") | AQ36: =IFERROR(INDEX((std_anodizev2_proses),MATCH($I36,pk,0)),"") | AR36: =IFERROR(INDEX((std_anodizeh_proses),MATCH($I36,pk,0)),"") | AS36: =IFERROR(INDEX((std_anodize_per_ukuran),MATCH($H36,Prt,0)),"") -> 0 | AT36: =IF($AS36=edging7,L36,IF($AS36=edging8,L36,IF($AS36=edging9,L36,IF($AS36=Hand1,J35,IF($AS36=Hand2,L35,IF($AS36=hand3,"diisi manual",IF($AS36=hand4,"diisi manual",IF($AS36=hand5,"diisi manual",IF($AS36=mled02,J36,IF($AS36=mprf1,J36,IF($AS36=mlis1,J36,""))))))))))) | AU36: =IF($AS36="","",Q36*BR36) -> 0 | AW36: =CONCATENATE(VLOOKUP($V36,tabtf,2,0),VLOOKUP($X36,tabtf,2,0)) -> 37 | AX36: =IF($B36="alu",(CONCATENATE(VLOOKUP($AD36,tabfr,2,0),VLOOKUP($AE36,tabfr,2,0),VLOOKUP($AF36,tabfr,2,0),VLOOKUP($AG36,tabfr,2,0))),(CONCATENATE(VLOOKUP($AD36,tabte,2,0),VLOOKUP($AE36,tabte,2,0),VLOOKUP($AF36,tabte,2,0),VLOOKUP($AG36,tabte,2,0)))) -> 3233 | AY36: =IFERROR(VLOOKUP(AW36,descf,2,0),"") -> Aica_1mk_Polos | AZ36: =IF($B36="alu",(VLOOKUP(AX36,descfr,2,0)),(VLOOKUP(AX36,desce,2,0))) -> Melanor_1sisi_pjg | BA36: =IF($R36=0,CONCATENATE(0,")"," ",$H36," ",$J36),CONCATENATE(VLOOKUP(H36,tabprt,2,0),")",$H36,"_",AY36)) -> 414)Rangka back panel_Aica_1mk_Polos | BB36: =IF($B36="…",CONCATENATE(0,$E36,")"," ",$H36),IF($B36="kc",CONCATENATE(VLOOKUP(H36,tabprt,2,0),")",$H36," ",$R36," ",$S36,"mm"," ","-"," "," ",";"," ",$AZ36," ",$I36),IF($B36="alu",CONCATENATE(VLOOKUP(H36,tabprt,2,0),")",$H36," ",$R36," ",$S36,"mm"," ","-"," "," ",";"," ",$AZ36," ",$I36),CONCATENATE(VLOOKUP(H36,tabprt,2,0),")",$H36," ",$R36," ",$S36,"mm"," ","-"," ",$AY36," ",";"," ",$AZ36," ",$I36)))) -> 414)Rangka back panel Ply 18mm - Aica_1mk_Polos ; Melanor_1sisi_pjg | BD36: =IFERROR(INDEX((std_minifix_prt),MATCH($H36,Prt,0)),"") -> 0 | BE36: =IFERROR(INDEX((std_dowel_prt),MATCH($H36,Prt,0)),"") -> 0 | BF36: =IFERROR(INDEX((std_j_sikufr_prt),MATCH($H36,Prt,0)),"")*Q36 -> 0 | BG36: =IFERROR(INDEX((std_j_screwjf_prt),MATCH($H36,Prt,0)),"")*Q36 -> 0 | BH36: =IF($AM36=0,0,1)*Q36 -> 0 | BI36: =IF($AO36=0,0,IF(J36<=fp,2,(ROUNDUP(J36/fp,0))))*Q36 -> 0 | BJ36: =IF($AN36=0,0,1)*Q36 -> 0 | BK36: =(($J36+tol_p)*$Q36)/1000 -> 4.94 | BL36: =(($L36+tol_p)*$Q36)/1000 -> 0.19 | BM36: =IF(R36=0,0,((2*((J36+tol_p)+(L36+tol_p))*Q36)/1000)) -> 10.26 | BN36: =((J36*L36)/1000000)*Q36 -> 0.2673 | BO36: =CONCATENATE(R36,"_",S36) -> Ply_18 | BP36: =CONCATENATE(R36," ",S36," ",AY36) -> Ply 18 Aica_1mk_Polos | BQ36: =((J36*L36*Q36)/(2400*1200))+10% -> 0.1928125 | BR36: =IFERROR(INDEX((std_jml_anodize_per_uk),MATCH($H36,Prt,0)),"") -> 0 | BS36: =IF($BD36=0,0,IF($L36<150,2,((ROUNDUP($L36/fm,0)*2))))*$Q36 -> 0 | BT36: =IF($BE36=0,0,IF($L36<150,2,((ROUNDUP($L36/fd,0)*2))))*$Q36 -> 0 | BU36: =BF36*$Q36 -> 0 | BV36: =BG36*$Q36 -> 0 | BW36: =+((J36*L36)*Q36)/1000000 -> 0.2673 | BX36: =+((J36*L36*N36)*Q36)/1000000000 -> 0.00494505 | BY36: =IFERROR(INDEX((tbl_edg),MATCH($AD36,Edg,0)),"") | BZ36: =IFERROR(INDEX((tbl_edg),MATCH($AE36,Edg,0)),"") -> 0.5 | CA36: =IFERROR(INDEX((tbl_edg),MATCH($AF36,Edg,0)),"") | CB36: =IFERROR(INDEX((tbl_edg),MATCH($AG36,Edg,0)),"") | CC36: =IFERROR((J36-CA36-CB36),"") | CD36: =IFERROR((L36-BY36-BZ36),"") | CE36: =IFERROR((CONCATENATE(CC36," ","x"," ",CD36," ","x"," ",N36)),"") -> x x 18,5 | CF36: =IF(F36=1,(CONCATENATE(J36,";",L36,";",Q36,";",BP36,";",N36,";",H36,";","-1",";",AF36,";",CA36,";",AG36,";",CB36,";",AD36,";",BY36,";",AE36,";",BZ36))," ") -> 2430;55;2;Ply 18 Aica_1mk_Polos;18,5;Rangka back panel;-1; ;; ;; ;;Melanor;0,5
A38: =IFERROR(INDEX((ID),MATCH(H38,BARANG,0)),"…") -> … | B38: =IFERROR(INDEX((cprt),MATCH($H38,Prt,0)),"…") -> pintu | C38: prt | D38: =IFERROR(INDEX((KS),MATCH($H38,Prt,0)),"") -> KS | E38: A | F38: =IFERROR(INDEX((opt),MATCH($H38,Prt,0)),"") -> 0 | G38: =IFERROR(INDEX((no_ref),MATCH($H38,ref,0)),"...") -> ... | H38: Braket miring | J38: =+ROUNDDOWN(L34-N36-N36,0) -> 290 | K38: x | L38: 100 | M38: x | N38: =+(S38+W38+Y38) -> 18 | O38: =CONCATENATE(J38," ",K38," ",L38," ",M38," ",N38) -> 290 x 100 x 18 | P38: 4 | Q38: =+P38*Q34 -> 4 | R38: =IFERROR(INDEX((std_bhn_prt),MATCH($H38,Prt,0)),"") -> Ply | S38: =IFERROR(INDEX((std_Tbahan_prt),MATCH($H38,Prt,0)),"") -> 18 | T38: =INDEX((std_lapisan_luar_prt),MATCH($H38,Prt,0)) -> 0 | U38: =INDEX((std_lapisan_dalam_prt),MATCH($H38,Prt,0)) -> 0 | V38: =IFERROR(INDEX((tf),MATCH(T38,ctf,0)),"") -> Polos | W38: =IFERROR(INDEX((tebal_lapisan),MATCH($V38,tf,0)),"") -> 0 | X38: =IFERROR(INDEX((tf),MATCH(U38,ctf,0)),"") -> Polos | Y38: =IFERROR(INDEX((tebal_lapisan),MATCH($X38,tf,0)),"") -> 0 | Z38: =INDEX((std_edg_P1_prt),MATCH($H38,Prt,0)) -> 0 | AA38: =INDEX((std_edg_P2_prt),MATCH($H38,Prt,0)) -> 0 | AB38: =INDEX((std_edg_L1_prt),MATCH($H38,Prt,0)) -> 0 | AC38: =INDEX((std_edg_L2_prt),MATCH($H38,Prt,0)) -> 0 | AD38: =IF($B38="alu",(INDEX((Fr),MATCH(Z38,cfr,0))),INDEX((te),MATCH(Z38,cte,0))) | AE38: =IF($B38="alu",(INDEX((Fr),MATCH(AA38,cfr,0))),INDEX((te),MATCH(AA38,cte,0))) | AF38: =IF($B38="alu",(INDEX((Fr),MATCH(AB38,cfr,0))),INDEX((te),MATCH(AB38,cte,0))) | AG38: =IF($B38="alu",(INDEX((Fr),MATCH(AC38,cfr,0))),INDEX((te),MATCH(AC38,cte,0))) | AH38: =IFERROR(INDEX((std_profil3_prt),MATCH($H38,Prt,0)),"") -> 0 | AI38: =IFERROR(INDEX((std_profil2_prt),MATCH($H38,Prt,0)),"") -> 0 | AJ38: =IFERROR(INDEX((std_profil_prt),MATCH($H38,Prt,0)),"") -> 0 | AK38: =IFERROR(INDEX((std_siku_prt),MATCH($H38,Prt,0)),"") -> 0 | AL38: =IFERROR(INDEX((std_screw_prt),MATCH($H38,Prt,0)),"") -> 0 | AN38: =IFERROR(INDEX((std_rel_prt),MATCH($H38,Prt,0)),"") -> 0 | AO38: =IFERROR(INDEX((std_engsel_prt),MATCH($H38,Prt,0)),"") -> 0 | AP38: =IFERROR(INDEX((std_anodizev_proses),MATCH($I38,pk,0)),"") | AQ38: =IFERROR(INDEX((std_anodizev2_proses),MATCH($I38,pk,0)),"") | AR38: =IFERROR(INDEX((std_anodizeh_proses),MATCH($I38,pk,0)),"") | AS38: =IFERROR(INDEX((std_anodize_per_ukuran),MATCH($H38,Prt,0)),"") -> 0 | AT38: =IF($AS38=edging7,L38,IF($AS38=edging8,L38,IF($AS38=edging9,L38,IF($AS38=Hand1,J37,IF($AS38=Hand2,L37,IF($AS38=hand3,"diisi manual",IF($AS38=hand4,"diisi manual",IF($AS38=hand5,"diisi manual",IF($AS38=mled02,J38,IF($AS38=mprf1,J38,IF($AS38=mlis1,J38,""))))))))))) | AU38: =IF($AS38="","",Q38*BR38) -> 0 | AW38: =CONCATENATE(VLOOKUP($V38,tabtf,2,0),VLOOKUP($X38,tabtf,2,0)) -> 33 | AX38: =IF($B38="alu",(CONCATENATE(VLOOKUP($AD38,tabfr,2,0),VLOOKUP($AE38,tabfr,2,0),VLOOKUP($AF38,tabfr,2,0),VLOOKUP($AG38,tabfr,2,0))),(CONCATENATE(VLOOKUP($AD38,tabte,2,0),VLOOKUP($AE38,tabte,2,0),VLOOKUP($AF38,tabte,2,0),VLOOKUP($AG38,tabte,2,0)))) -> 3333 | AY38: =IFERROR(VLOOKUP(AW38,descf,2,0),"") -> Polos | AZ38: =IF($B38="alu",(VLOOKUP(AX38,descfr,2,0)),(VLOOKUP(AX38,desce,2,0))) -> - | BA38: =IF($R38=0,CONCATENATE(0,")"," ",$H38," ",$J38),CONCATENATE(VLOOKUP(H38,tabprt,2,0),")",$H38,"_",AY38)) -> 421)Braket miring_Polos | BB38: =IF($B38="…",CONCATENATE(0,$E38,")"," ",$H38),IF($B38="kc",CONCATENATE(VLOOKUP(H38,tabprt,2,0),")",$H38," ",$R38," ",$S38,"mm"," ","-"," "," ",";"," ",$AZ38," ",$I38),IF($B38="alu",CONCATENATE(VLOOKUP(H38,tabprt,2,0),")",$H38," ",$R38," ",$S38,"mm"," ","-"," "," ",";"," ",$AZ38," ",$I38),CONCATENATE(VLOOKUP(H38,tabprt,2,0),")",$H38," ",$R38," ",$S38,"mm"," ","-"," ",$AY38," ",";"," ",$AZ38," ",$I38)))) -> 421)Braket miring Ply 18mm - Polos ; - | BD38: =IFERROR(INDEX((std_minifix_prt),MATCH($H38,Prt,0)),"") -> 0 | BE38: =IFERROR(INDEX((std_dowel_prt),MATCH($H38,Prt,0)),"") -> 0 | BF38: =IFERROR(INDEX((std_j_sikufr_prt),MATCH($H38,Prt,0)),"")*Q38 -> 0 | BG38: =IFERROR(INDEX((std_j_screwjf_prt),MATCH($H38,Prt,0)),"")*Q38 -> 0 | BH38: =IF($AM38=0,0,1)*Q38 -> 0 | BI38: =IF($AO38=0,0,IF(J38<=fp,2,(ROUNDUP(J38/fp,0))))*Q38 -> 0 | BJ38: =IF($AN38=0,0,1)*Q38 -> 0 | BK38: =(($J38+tol_p)*$Q38)/1000 -> 1.32 | BL38: =(($L38+tol_p)*$Q38)/1000 -> 0.56 | BM38: =IF(R38=0,0,((2*((J38+tol_p)+(L38+tol_p))*Q38)/1000)) -> 3.76 | BN38: =((J38*L38)/1000000)*Q38 -> 0.116 | BO38: =CONCATENATE(R38,"_",S38) -> Ply_18 | BP38: =CONCATENATE(R38," ",S38," ",AY38) -> Ply 18 Polos | BQ38: =((J38*L38*Q38)/(2400*1200))+10% -> 0.14027778 | BR38: =IFERROR(INDEX((std_jml_anodize_per_uk),MATCH($H38,Prt,0)),"") -> 0 | BS38: =IF($BD38=0,0,IF($L38<150,2,((ROUNDUP($L38/fm,0)*2))))*$Q38 -> 0 | BT38: =IF($BE38=0,0,IF($L38<150,2,((ROUNDUP($L38/fd,0)*2))))*$Q38 -> 0 | BU38: =BF38*$Q38 -> 0 | BV38: =BG38*$Q38 -> 0 | BW38: =+((J38*L38)*Q38)/1000000 -> 0.116 | BX38: =+((J38*L38*N38)*Q38)/1000000000 -> 0.002088 | BY38: =IFERROR(INDEX((tbl_edg),MATCH($AD38,Edg,0)),"") | BZ38: =IFERROR(INDEX((tbl_edg),MATCH($AE38,Edg,0)),"") | CA38: =IFERROR(INDEX((tbl_edg),MATCH($AF38,Edg,0)),"") | CB38: =IFERROR(INDEX((tbl_edg),MATCH($AG38,Edg,0)),"") | CC38: =IFERROR((J38-CA38-CB38),"") | CD38: =IFERROR((L38-BY38-BZ38),"") | CE38: =IFERROR((CONCATENATE(CC38," ","x"," ",CD38," ","x"," ",N38)),"") -> x x 18 | CF38: =IF(F38=1,(CONCATENATE(J38,";",L38,";",Q38,";",BP38,";",N38,";",H38,";","-1",";",AF38,";",CA38,";",AG38,";",CB38,";",AD38,";",BY38,";",AE38,";",BZ38))," ")
A42: =IFERROR(INDEX((ID),MATCH(H42,BARANG,0)),"…") -> … | B42: =IFERROR(INDEX((cprt),MATCH($H42,Prt,0)),"…") -> pintu | C42: prt | D42: =IFERROR(INDEX((KS),MATCH($H42,Prt,0)),"") -> KS | E42: A | F42: =IFERROR(INDEX((opt),MATCH($H42,Prt,0)),"") -> 0 | G42: =IFERROR(INDEX((no_ref),MATCH($H42,ref,0)),"...") -> ••• | H42: Plinth/Uppertop | J42: 2430 | K42: x | L42: 100 | M42: x | N42: =+(S42+W42+Y42) -> 19 | O42: =CONCATENATE(J42," ",K42," ",L42," ",M42," ",N42) -> 2430 x 100 x 19 | P42: 2 | Q42: =+P42 -> 2 | R42: =IFERROR(INDEX((std_bhn_prt),MATCH($H42,Prt,0)),"") -> Ply | S42: =IFERROR(INDEX((std_Tbahan_prt),MATCH($H42,Prt,0)),"") -> 18 | T42: =INDEX((std_lapisan_luar_prt),MATCH($H42,Prt,0)) -> 1 | U42: =INDEX((std_lapisan_dalam_prt),MATCH($H42,Prt,0)) -> 0 | V42: =IFERROR(INDEX((tf),MATCH(T42,ctf,0)),"") -> WY_5216_D(V) | W42: =IFERROR(INDEX((tebal_lapisan),MATCH($V42,tf,0)),"") -> 1 | X42: =IFERROR(INDEX((tf),MATCH(U42,ctf,0)),"") -> Polos | Y42: =IFERROR(INDEX((tebal_lapisan),MATCH($X42,tf,0)),"") -> 0 | Z42: =INDEX((std_edg_P1_prt),MATCH($H42,Prt,0)) -> 1 | AA42: =INDEX((std_edg_P2_prt),MATCH($H42,Prt,0)) -> 0 | AB42: =INDEX((std_edg_L1_prt),MATCH($H42,Prt,0)) -> 0 | AC42: =INDEX((std_edg_L2_prt),MATCH($H42,Prt,0)) -> 0 | AD42: =IF($B42="alu",(INDEX((Fr),MATCH(Z42,cfr,0))),INDEX((te),MATCH(Z42,cte,0))) -> Edg_EAW_5216D1 | AE42: =IF($B42="alu",(INDEX((Fr),MATCH(AA42,cfr,0))),INDEX((te),MATCH(AA42,cte,0))) | AF42: =IF($B42="alu",(INDEX((Fr),MATCH(AB42,cfr,0))),INDEX((te),MATCH(AB42,cte,0))) | AG42: =IF($B42="alu",(INDEX((Fr),MATCH(AC42,cfr,0))),INDEX((te),MATCH(AC42,cte,0))) | AH42: =IFERROR(INDEX((std_profil3_prt),MATCH($H42,Prt,0)),"") -> 0 | AI42: =IFERROR(INDEX((std_profil2_prt),MATCH($H42,Prt,0)),"") -> 0 | AJ42: =IFERROR(INDEX((std_profil_prt),MATCH($H42,Prt,0)),"") -> 0 | AK42: =IFERROR(INDEX((std_siku_prt),MATCH($H42,Prt,0)),"") -> 0 | AL42: =IFERROR(INDEX((std_screw_prt),MATCH($H42,Prt,0)),"") -> 0 | AN42: =IFERROR(INDEX((std_rel_prt),MATCH($H42,Prt,0)),"") -> 0 | AO42: =IFERROR(INDEX((std_engsel_prt),MATCH($H42,Prt,0)),"") -> 0 | AP42: =IFERROR(INDEX((std_anodizev_proses),MATCH($I42,pk,0)),"") | AQ42: =IFERROR(INDEX((std_anodizev2_proses),MATCH($I42,pk,0)),"") | AR42: =IFERROR(INDEX((std_anodizeh_proses),MATCH($I42,pk,0)),"") | AS42: =IFERROR(INDEX((std_anodize_per_ukuran),MATCH($H42,Prt,0)),"") -> 0 | AT42: =IF($AS42=edging7,L42,IF($AS42=edging8,L42,IF($AS42=edging9,L42,IF($AS42=Hand1,J41,IF($AS42=Hand2,L41,IF($AS42=hand3,"diisi manual",IF($AS42=hand4,"diisi manual",IF($AS42=hand5,"diisi manual",IF($AS42=mled02,J42,IF($AS42=mprf1,J42,IF($AS42=mlis1,J42,""))))))))))) | AU42: =IF($AS42="","",Q42*BR42) -> 0 | AW42: =CONCATENATE(VLOOKUP($V42,tabtf,2,0),VLOOKUP($X42,tabtf,2,0)) -> 13 | AX42: =IF($B42="alu",(CONCATENATE(VLOOKUP($AD42,tabfr,2,0),VLOOKUP($AE42,tabfr,2,0),VLOOKUP($AF42,tabfr,2,0),VLOOKUP($AG42,tabfr,2,0))),(CONCATENATE(VLOOKUP($AD42,tabte,2,0),VLOOKUP($AE42,tabte,2,0),VLOOKUP($AF42,tabte,2,0),VLOOKUP($AG42,tabte,2,0)))) -> 4333 | AY42: =IFERROR(VLOOKUP(AW42,descf,2,0),"") -> WY_5216_D(V)_1mk_Polos | AZ42: =IF($B42="alu",(VLOOKUP(AX42,descfr,2,0)),(VLOOKUP(AX42,desce,2,0))) -> Edg_EAW_5216D1_1sisi_pjg | BA42: =IF($R42=0,CONCATENATE(0,")"," ",$H42," ",$J42),CONCATENATE(VLOOKUP(H42,tabprt,2,0),")",$H42,"_",AY42)) -> 462)Plinth/Uppertop_WY_5216_D(V)_1mk_Polos | BB42: =IF($B42="…",CONCATENATE(0,$E42,")"," ",$H42),IF($B42="kc",CONCATENATE(VLOOKUP(H42,tabprt,2,0),")",$H42," ",$R42," ",$S42,"mm"," ","-"," "," ",";"," ",$AZ42," ",$I42),IF($B42="alu",CONCATENATE(VLOOKUP(H42,tabprt,2,0),")",$H42," ",$R42," ",$S42,"mm"," ","-"," "," ",";"," ",$AZ42," ",$I42),CONCATENATE(VLOOKUP(H42,tabprt,2,0),")",$H42," ",$R42," ",$S42,"mm"," ","-"," ",$AY42," ",";"," ",$AZ42," ",$I42)))) -> 462)Plinth/Uppertop Ply 18mm - WY_5216_D(V)_1mk_Polos ; Edg_EAW_5216D1_1sisi_pjg | BD42: =IFERROR(INDEX((std_minifix_prt),MATCH($H42,Prt,0)),"") -> 0 | BE42: =IFERROR(INDEX((std_dowel_prt),MATCH($H42,Prt,0)),"") -> 0 | BF42: =IFERROR(INDEX((std_j_sikufr_prt),MATCH($H42,Prt,0)),"")*Q42 -> 0 | BG42: =IFERROR(INDEX((std_j_screwjf_prt),MATCH($H42,Prt,0)),"")*Q42 -> 0 | BH42: =IF($AM42=0,0,1)*Q42 -> 0 | BI42: =IF($AO42=0,0,IF(J42<=fp,2,(ROUNDUP(J42/fp,0))))*Q42 -> 0 | BJ42: =IF($AN42=0,0,1)*Q42 -> 0 | BK42: =(($J42+tol_p)*$Q42)/1000 -> 4.94 | BL42: =(($L42+tol_p)*$Q42)/1000 -> 0.28 | BM42: =IF(R42=0,0,((2*((J42+tol_p)+(L42+tol_p))*Q42)/1000)) -> 10.44 | BN42: =((J42*L42)/1000000)*Q42 -> 0.486 | BO42: =CONCATENATE(R42,"_",S42) -> Ply_18 | BP42: =CONCATENATE(R42," ",S42," ",AY42) -> Ply 18 WY_5216_D(V)_1mk_Polos | BQ42: =((J42*L42*Q42)/(2400*1200))+10% -> 0.26875 | BR42: =IFERROR(INDEX((std_jml_anodize_per_uk),MATCH($H42,Prt,0)),"") -> 0 | BS42: =IF($BD42=0,0,IF($L42<150,2,((ROUNDUP($L42/fm,0)*2))))*$Q42 -> 0 | BT42: =IF($BE42=0,0,IF($L42<150,2,((ROUNDUP($L42/fd,0)*2))))*$Q42 -> 0 | BU42: =BF42*$Q42 -> 0 | BV42: =BG42*$Q42 -> 0 | BW42: =+((J42*L42)*Q42)/1000000 -> 0.486 | BX42: =+((J42*L42*N42)*Q42)/1000000000 -> 0.009234 | BY42: =IFERROR(INDEX((tbl_edg),MATCH($AD42,Edg,0)),"") | BZ42: =IFERROR(INDEX((tbl_edg),MATCH($AE42,Edg,0)),"") | CA42: =IFERROR(INDEX((tbl_edg),MATCH($AF42,Edg,0)),"") | CB42: =IFERROR(INDEX((tbl_edg),MATCH($AG42,Edg,0)),"") | CC42: =IFERROR((J42-CA42-CB42),"") | CD42: =IFERROR((L42-BY42-BZ42),"") | CE42: =IFERROR((CONCATENATE(CC42," ","x"," ",CD42," ","x"," ",N42)),"") -> x x 19 | CF42: =IF(F42=1,(CONCATENATE(J42,";",L42,";",Q42,";",BP42,";",N42,";",H42,";","-1",";",AF42,";",CA42,";",AG42,";",CB42,";",AD42,";",BY42,";",AE42,";",BZ42))," ")
A43: =IFERROR(INDEX((ID),MATCH(H43,BARANG,0)),"…") -> … | B43: =IFERROR(INDEX((cprt),MATCH($H43,Prt,0)),"…") -> pintu | C43: prt | D43: =IFERROR(INDEX((KS),MATCH($H43,Prt,0)),"") -> KS | E43: A | F43: =IFERROR(INDEX((opt),MATCH($H43,Prt,0)),"") -> 0 | G43: =IFERROR(INDEX((no_ref),MATCH($H43,ref,0)),"...") -> ••• | H43: Dummies | J43: 2430 | K43: x | L43: 70 | M43: x | N43: =+(S43+W43+Y43) -> 19 | O43: =CONCATENATE(J43," ",K43," ",L43," ",M43," ",N43) -> 2430 x 70 x 19 | P43: 4 | Q43: =+P43 -> 4 | R43: =IFERROR(INDEX((std_bhn_prt),MATCH($H43,Prt,0)),"") -> Ply | S43: =IFERROR(INDEX((std_Tbahan_prt),MATCH($H43,Prt,0)),"") -> 18 | T43: =INDEX((std_lapisan_luar_prt),MATCH($H43,Prt,0)) -> 1 | U43: =INDEX((std_lapisan_dalam_prt),MATCH($H43,Prt,0)) -> 0 | V43: =IFERROR(INDEX((tf),MATCH(T43,ctf,0)),"") -> WY_5216_D(V) | W43: =IFERROR(INDEX((tebal_lapisan),MATCH($V43,tf,0)),"") -> 1 | X43: =IFERROR(INDEX((tf),MATCH(U43,ctf,0)),"") -> Polos | Y43: =IFERROR(INDEX((tebal_lapisan),MATCH($X43,tf,0)),"") -> 0 | Z43: =INDEX((std_edg_P1_prt),MATCH($H43,Prt,0)) -> 0 | AA43: =INDEX((std_edg_P2_prt),MATCH($H43,Prt,0)) -> 0 | AB43: =INDEX((std_edg_L1_prt),MATCH($H43,Prt,0)) -> 0 | AC43: =INDEX((std_edg_L2_prt),MATCH($H43,Prt,0)) -> 0 | AD43: =IF($B43="alu",(INDEX((Fr),MATCH(Z43,cfr,0))),INDEX((te),MATCH(Z43,cte,0))) | AE43: =IF($B43="alu",(INDEX((Fr),MATCH(AA43,cfr,0))),INDEX((te),MATCH(AA43,cte,0))) | AF43: =IF($B43="alu",(INDEX((Fr),MATCH(AB43,cfr,0))),INDEX((te),MATCH(AB43,cte,0))) | AG43: =IF($B43="alu",(INDEX((Fr),MATCH(AC43,cfr,0))),INDEX((te),MATCH(AC43,cte,0))) | AH43: =IFERROR(INDEX((std_profil3_prt),MATCH($H43,Prt,0)),"") -> 0 | AI43: =IFERROR(INDEX((std_profil2_prt),MATCH($H43,Prt,0)),"") -> 0 | AJ43: =IFERROR(INDEX((std_profil_prt),MATCH($H43,Prt,0)),"") -> 0 | AK43: =IFERROR(INDEX((std_siku_prt),MATCH($H43,Prt,0)),"") -> 0 | AL43: =IFERROR(INDEX((std_screw_prt),MATCH($H43,Prt,0)),"") -> 0 | AN43: =IFERROR(INDEX((std_rel_prt),MATCH($H43,Prt,0)),"") -> 0 | AO43: =IFERROR(INDEX((std_engsel_prt),MATCH($H43,Prt,0)),"") -> 0 | AP43: =IFERROR(INDEX((std_anodizev_proses),MATCH($I43,pk,0)),"") | AQ43: =IFERROR(INDEX((std_anodizev2_proses),MATCH($I43,pk,0)),"") | AR43: =IFERROR(INDEX((std_anodizeh_proses),MATCH($I43,pk,0)),"") | AS43: =IFERROR(INDEX((std_anodize_per_ukuran),MATCH($H43,Prt,0)),"") -> 0 | AT43: =IF($AS43=edging7,L43,IF($AS43=edging8,L43,IF($AS43=edging9,L43,IF($AS43=Hand1,J42,IF($AS43=Hand2,L42,IF($AS43=hand3,"diisi manual",IF($AS43=hand4,"diisi manual",IF($AS43=hand5,"diisi manual",IF($AS43=mled02,J43,IF($AS43=mprf1,J43,IF($AS43=mlis1,J43,""))))))))))) | AU43: =IF($AS43="","",Q43*BR43) -> 0 | AW43: =CONCATENATE(VLOOKUP($V43,tabtf,2,0),VLOOKUP($X43,tabtf,2,0)) -> 13 | AX43: =IF($B43="alu",(CONCATENATE(VLOOKUP($AD43,tabfr,2,0),VLOOKUP($AE43,tabfr,2,0),VLOOKUP($AF43,tabfr,2,0),VLOOKUP($AG43,tabfr,2,0))),(CONCATENATE(VLOOKUP($AD43,tabte,2,0),VLOOKUP($AE43,tabte,2,0),VLOOKUP($AF43,tabte,2,0),VLOOKUP($AG43,tabte,2,0)))) -> 3333 | AY43: =IFERROR(VLOOKUP(AW43,descf,2,0),"") -> WY_5216_D(V)_1mk_Polos | AZ43: =IF($B43="alu",(VLOOKUP(AX43,descfr,2,0)),(VLOOKUP(AX43,desce,2,0))) -> - | BA43: =IF($R43=0,CONCATENATE(0,")"," ",$H43," ",$J43),CONCATENATE(VLOOKUP(H43,tabprt,2,0),")",$H43,"_",AY43)) -> 435)Dummies_WY_5216_D(V)_1mk_Polos | BB43: =IF($B43="…",CONCATENATE(0,$E43,")"," ",$H43),IF($B43="kc",CONCATENATE(VLOOKUP(H43,tabprt,2,0),")",$H43," ",$R43," ",$S43,"mm"," ","-"," "," ",";"," ",$AZ43," ",$I43),IF($B43="alu",CONCATENATE(VLOOKUP(H43,tabprt,2,0),")",$H43," ",$R43," ",$S43,"mm"," ","-"," "," ",";"," ",$AZ43," ",$I43),CONCATENATE(VLOOKUP(H43,tabprt,2,0),")",$H43," ",$R43," ",$S43,"mm"," ","-"," ",$AY43," ",";"," ",$AZ43," ",$I43)))) -> 435)Dummies Ply 18mm - WY_5216_D(V)_1mk_Polos ; - | BD43: =IFERROR(INDEX((std_minifix_prt),MATCH($H43,Prt,0)),"") -> 0 | BE43: =IFERROR(INDEX((std_dowel_prt),MATCH($H43,Prt,0)),"") -> 0 | BF43: =IFERROR(INDEX((std_j_sikufr_prt),MATCH($H43,Prt,0)),"")*Q43 -> 0 | BG43: =IFERROR(INDEX((std_j_screwjf_prt),MATCH($H43,Prt,0)),"")*Q43 -> 0 | BH43: =IF($AM43=0,0,1)*Q43 -> 0 | BI43: =IF($AO43=0,0,IF(J43<=fp,2,(ROUNDUP(J43/fp,0))))*Q43 -> 0 | BJ43: =IF($AN43=0,0,1)*Q43 -> 0 | BK43: =(($J43+tol_p)*$Q43)/1000 -> 9.88 | BL43: =(($L43+tol_p)*$Q43)/1000 -> 0.44 | BM43: =IF(R43=0,0,((2*((J43+tol_p)+(L43+tol_p))*Q43)/1000)) -> 20.64 | BN43: =((J43*L43)/1000000)*Q43 -> 0.6804 | BO43: =CONCATENATE(R43,"_",S43) -> Ply_18 | BP43: =CONCATENATE(R43," ",S43," ",AY43) -> Ply 18 WY_5216_D(V)_1mk_Polos | BQ43: =((J43*L43*Q43)/(2400*1200))+10% -> 0.33625 | BR43: =IFERROR(INDEX((std_jml_anodize_per_uk),MATCH($H43,Prt,0)),"") -> 0 | BS43: =IF($BD43=0,0,IF($L43<150,2,((ROUNDUP($L43/fm,0)*2))))*$Q43 -> 0 | BT43: =IF($BE43=0,0,IF($L43<150,2,((ROUNDUP($L43/fd,0)*2))))*$Q43 -> 0 | BU43: =BF43*$Q43 -> 0 | BV43: =BG43*$Q43 -> 0 | BW43: =+((J43*L43)*Q43)/1000000 -> 0.6804 | BX43: =+((J43*L43*N43)*Q43)/1000000000 -> 0.0129276 | BY43: =IFERROR(INDEX((tbl_edg),MATCH($AD43,Edg,0)),"") | BZ43: =IFERROR(INDEX((tbl_edg),MATCH($AE43,Edg,0)),"") | CA43: =IFERROR(INDEX((tbl_edg),MATCH($AF43,Edg,0)),"") | CB43: =IFERROR(INDEX((tbl_edg),MATCH($AG43,Edg,0)),"") | CC43: =IFERROR((J43-CA43-CB43),"") | CD43: =IFERROR((L43-BY43-BZ43),"") | CE43: =IFERROR((CONCATENATE(CC43," ","x"," ",CD43," ","x"," ",N43)),"") -> x x 19 | CF43: =IF(F43=1,(CONCATENATE(J43,";",L43,";",Q43,";",BP43,";",N43,";",H43,";","-1",";",AF43,";",CA43,";",AG43,";",CB43,";",AD43,";",BY43,";",AE43,";",BZ43))," ")
A45: =IFERROR(INDEX((ID),MATCH(H45,BARANG,0)),"…") -> … | B45: =IFERROR(INDEX((cprt),MATCH($H45,Prt,0)),"…") -> pintu | C45: prt | D45: =IFERROR(INDEX((KS),MATCH($H45,Prt,0)),"") -> ─ | E45: A | F45: =IFERROR(INDEX((opt),MATCH($H45,Prt,0)),"") -> 0 | G45: =IFERROR(INDEX((no_ref),MATCH($H45,ref,0)),"...") -> •• | H45: Cover Panel / Pelmet | J45: 1004 | K45: x | L45: 550 | M45: x | N45: =+(S45+W45+Y45) -> 19 | O45: =CONCATENATE(J45," ",K45," ",L45," ",M45," ",N45) -> 1004 x 550 x 19 | P45: 1 | Q45: =+P45 -> 1 | R45: =IFERROR(INDEX((std_bhn_prt),MATCH($H45,Prt,0)),"") -> Ply | S45: =IFERROR(INDEX((std_Tbahan_prt),MATCH($H45,Prt,0)),"") -> 18 | T45: =INDEX((std_lapisan_luar_prt),MATCH($H45,Prt,0)) -> 1 | U45: =INDEX((std_lapisan_dalam_prt),MATCH($H45,Prt,0)) -> 0 | V45: =IFERROR(INDEX((tf),MATCH(T45,ctf,0)),"") -> WY_5216_D(V) | W45: =IFERROR(INDEX((tebal_lapisan),MATCH($V45,tf,0)),"") -> 1 | X45: =IFERROR(INDEX((tf),MATCH(U45,ctf,0)),"") -> Polos | Y45: =IFERROR(INDEX((tebal_lapisan),MATCH($X45,tf,0)),"") -> 0 | Z45: 1 | AA45: =INDEX((std_edg_P2_prt),MATCH($H45,Prt,0)) -> 0 | AB45: =INDEX((std_edg_L1_prt),MATCH($H45,Prt,0)) -> 0 | AC45: =INDEX((std_edg_L2_prt),MATCH($H45,Prt,0)) -> 0 | AD45: =IF($B45="alu",(INDEX((Fr),MATCH(Z45,cfr,0))),INDEX((te),MATCH(Z45,cte,0))) -> Edg_EAW_5216D1 | AE45: =IF($B45="alu",(INDEX((Fr),MATCH(AA45,cfr,0))),INDEX((te),MATCH(AA45,cte,0))) | AF45: =IF($B45="alu",(INDEX((Fr),MATCH(AB45,cfr,0))),INDEX((te),MATCH(AB45,cte,0))) | AG45: =IF($B45="alu",(INDEX((Fr),MATCH(AC45,cfr,0))),INDEX((te),MATCH(AC45,cte,0))) | AH45: =IFERROR(INDEX((std_profil3_prt),MATCH($H45,Prt,0)),"") -> 0 | AI45: =IFERROR(INDEX((std_profil2_prt),MATCH($H45,Prt,0)),"") -> 0 | AJ45: =IFERROR(INDEX((std_profil_prt),MATCH($H45,Prt,0)),"") -> 0 | AK45: =IFERROR(INDEX((std_siku_prt),MATCH($H45,Prt,0)),"") -> 0 | AL45: =IFERROR(INDEX((std_screw_prt),MATCH($H45,Prt,0)),"") -> 0 | AN45: =IFERROR(INDEX((std_rel_prt),MATCH($H45,Prt,0)),"") -> 0 | AO45: =IFERROR(INDEX((std_engsel_prt),MATCH($H45,Prt,0)),"") -> 0 | AP45: =IFERROR(INDEX((std_anodizev_proses),MATCH($I45,pk,0)),"") | AQ45: =IFERROR(INDEX((std_anodizev2_proses),MATCH($I45,pk,0)),"") | AR45: =IFERROR(INDEX((std_anodizeh_proses),MATCH($I45,pk,0)),"") | AS45: =IFERROR(INDEX((std_anodize_per_ukuran),MATCH($H45,Prt,0)),"") -> 0 | AT45: =IF($AS45=edging7,L45,IF($AS45=edging8,L45,IF($AS45=edging9,L45,IF($AS45=Hand1,J44,IF($AS45=Hand2,L44,IF($AS45=hand3,"diisi manual",IF($AS45=hand4,"diisi manual",IF($AS45=hand5,"diisi manual",IF($AS45=mled02,J45,IF($AS45=mprf1,J45,IF($AS45=mlis1,J45,""))))))))))) | AU45: =IF($AS45="","",Q45*BR45) -> 0 | AW45: =CONCATENATE(VLOOKUP($V45,tabtf,2,0),VLOOKUP($X45,tabtf,2,0)) -> 13 | AX45: =IF($B45="alu",(CONCATENATE(VLOOKUP($AD45,tabfr,2,0),VLOOKUP($AE45,tabfr,2,0),VLOOKUP($AF45,tabfr,2,0),VLOOKUP($AG45,tabfr,2,0))),(CONCATENATE(VLOOKUP($AD45,tabte,2,0),VLOOKUP($AE45,tabte,2,0),VLOOKUP($AF45,tabte,2,0),VLOOKUP($AG45,tabte,2,0)))) -> 4333 | AY45: =IFERROR(VLOOKUP(AW45,descf,2,0),"") -> WY_5216_D(V)_1mk_Polos | AZ45: =IF($B45="alu",(VLOOKUP(AX45,descfr,2,0)),(VLOOKUP(AX45,desce,2,0))) -> Edg_EAW_5216D1_1sisi_pjg | BA45: =IF($R45=0,CONCATENATE(0,")"," ",$H45," ",$J45),CONCATENATE(VLOOKUP(H45,tabprt,2,0),")",$H45,"_",AY45)) -> 366)Cover Panel / Pelmet_WY_5216_D(V)_1mk_Polos | BB45: =IF($B45="…",CONCATENATE(0,$E45,")"," ",$H45),IF($B45="kc",CONCATENATE(VLOOKUP(H45,tabprt,2,0),")",$H45," ",$R45," ",$S45,"mm"," ","-"," "," ",";"," ",$AZ45," ",$I45),IF($B45="alu",CONCATENATE(VLOOKUP(H45,tabprt,2,0),")",$H45," ",$R45," ",$S45,"mm"," ","-"," "," ",";"," ",$AZ45," ",$I45),CONCATENATE(VLOOKUP(H45,tabprt,2,0),")",$H45," ",$R45," ",$S45,"mm"," ","-"," ",$AY45," ",";"," ",$AZ45," ",$I45)))) -> 366)Cover Panel / Pelmet Ply 18mm - WY_5216_D(V)_1mk_Polos ; Edg_EAW_5216D1_1sisi_pjg | BD45: =IFERROR(INDEX((std_minifix_prt),MATCH($H45,Prt,0)),"") -> 0 | BE45: =IFERROR(INDEX((std_dowel_prt),MATCH($H45,Prt,0)),"") -> 0 | BF45: =IFERROR(INDEX((std_j_sikufr_prt),MATCH($H45,Prt,0)),"")*Q45 -> 0 | BG45: =IFERROR(INDEX((std_j_screwjf_prt),MATCH($H45,Prt,0)),"")*Q45 -> 0 | BH45: =IF($AM45=0,0,1)*Q45 -> 0 | BI45: =IF($AO45=0,0,IF(J45<=fp,2,(ROUNDUP(J45/fp,0))))*Q45 -> 0 | BJ45: =IF($AN45=0,0,1)*Q45 -> 0 | BK45: =(($J45+tol_p)*$Q45)/1000 -> 1.044 | BL45: =(($L45+tol_p)*$Q45)/1000 -> 0.59 | BM45: =IF(R45=0,0,((2*((J45+tol_p)+(L45+tol_p))*Q45)/1000)) -> 3.268 | BN45: =((J45*L45)/1000000)*Q45 -> 0.5522 | BO45: =CONCATENATE(R45,"_",S45) -> Ply_18 | BP45: =CONCATENATE(R45," ",S45," ",AY45) -> Ply 18 WY_5216_D(V)_1mk_Polos | BQ45: =((J45*L45*Q45)/(2400*1200))+10% -> 0.29173611 | BR45: =IFERROR(INDEX((std_jml_anodize_per_uk),MATCH($H45,Prt,0)),"") -> 0 | BS45: =IF($BD45=0,0,IF($L45<150,2,((ROUNDUP($L45/fm,0)*2))))*$Q45 -> 0 | BT45: =IF($BE45=0,0,IF($L45<150,2,((ROUNDUP($L45/fd,0)*2))))*$Q45 -> 0 | BU45: =BF45*$Q45 -> 0 | BV45: =BG45*$Q45 -> 0 | BW45: =+((J45*L45)*Q45)/1000000 -> 0.5522 | BX45: =+((J45*L45*N45)*Q45)/1000000000 -> 0.0104918 | BY45: =IFERROR(INDEX((tbl_edg),MATCH($AD45,Edg,0)),"") | BZ45: =IFERROR(INDEX((tbl_edg),MATCH($AE45,Edg,0)),"") | CA45: =IFERROR(INDEX((tbl_edg),MATCH($AF45,Edg,0)),"") | CB45: =IFERROR(INDEX((tbl_edg),MATCH($AG45,Edg,0)),"") | CC45: =IFERROR((J45-CA45-CB45),"") | CD45: =IFERROR((L45-BY45-BZ45),"") | CE45: =IFERROR((CONCATENATE(CC45," ","x"," ",CD45," ","x"," ",N45)),"") -> x x 19 | CF45: =IF(F45=1,(CONCATENATE(J45,";",L45,";",Q45,";",BP45,";",N45,";",H45,";","-1",";",AF45,";",CA45,";",AG45,";",CB45,";",AD45,";",BY45,";",AE45,";",BZ45))," ")
A46: =IFERROR(INDEX((ID),MATCH(H46,BARANG,0)),"…") -> … | B46: =IFERROR(INDEX((cprt),MATCH($H46,Prt,0)),"…") -> pintu | C46: prt | D46: =IFERROR(INDEX((KS),MATCH($H46,Prt,0)),"") -> KS | E46: A | F46: =IFERROR(INDEX((opt),MATCH($H46,Prt,0)),"") -> 0 | G46: =IFERROR(INDEX((no_ref),MATCH($H46,ref,0)),"...") -> •• | H46: Back Panel | J46: 2000 | K46: x | L46: 1004 | M46: x | N46: =+(S46+W46+Y46) -> 19.5 | O46: =CONCATENATE(J46," ",K46," ",L46," ",M46," ",N46) -> 2000 x 1004 x 19,5 | P46: 1 | Q46: =+P46 -> 1 | R46: =IFERROR(INDEX((std_bhn_prt),MATCH($H46,Prt,0)),"") -> Ply | S46: =IFERROR(INDEX((std_Tbahan_prt),MATCH($H46,Prt,0)),"") -> 18 | T46: =INDEX((std_lapisan_luar_prt),MATCH($H46,Prt,0)) -> 1 | U46: =INDEX((std_lapisan_dalam_prt),MATCH($H46,Prt,0)) -> 22 | V46: =IFERROR(INDEX((tf),MATCH(T46,ctf,0)),"") -> WY_5216_D(V) | W46: =IFERROR(INDEX((tebal_lapisan),MATCH($V46,tf,0)),"") -> 1 | X46: =IFERROR(INDEX((tf),MATCH(U46,ctf,0)),"") -> Aica | Y46: =IFERROR(INDEX((tebal_lapisan),MATCH($X46,tf,0)),"") -> 0.5 | Z46: =INDEX((std_edg_P1_prt),MATCH($H46,Prt,0)) -> 1 | AA46: =INDEX((std_edg_P2_prt),MATCH($H46,Prt,0)) -> 1 | AB46: =INDEX((std_edg_L1_prt),MATCH($H46,Prt,0)) -> 1 | AC46: =INDEX((std_edg_L2_prt),MATCH($H46,Prt,0)) -> 1 | AD46: =IF($B46="alu",(INDEX((Fr),MATCH(Z46,cfr,0))),INDEX((te),MATCH(Z46,cte,0))) -> Edg_EAW_5216D1 | AE46: =IF($B46="alu",(INDEX((Fr),MATCH(AA46,cfr,0))),INDEX((te),MATCH(AA46,cte,0))) -> Edg_EAW_5216D1 | AF46: =IF($B46="alu",(INDEX((Fr),MATCH(AB46,cfr,0))),INDEX((te),MATCH(AB46,cte,0))) -> Edg_EAW_5216D1 | AG46: =IF($B46="alu",(INDEX((Fr),MATCH(AC46,cfr,0))),INDEX((te),MATCH(AC46,cte,0))) -> Edg_EAW_5216D1 | AH46: =IFERROR(INDEX((std_profil3_prt),MATCH($H46,Prt,0)),"") -> 0 | AI46: =IFERROR(INDEX((std_profil2_prt),MATCH($H46,Prt,0)),"") -> 0 | AJ46: =IFERROR(INDEX((std_profil_prt),MATCH($H46,Prt,0)),"") -> 0 | AK46: =IFERROR(INDEX((std_siku_prt),MATCH($H46,Prt,0)),"") -> 0 | AL46: =IFERROR(INDEX((std_screw_prt),MATCH($H46,Prt,0)),"") -> 0 | AN46: =IFERROR(INDEX((std_rel_prt),MATCH($H46,Prt,0)),"") -> 0 | AO46: =IFERROR(INDEX((std_engsel_prt),MATCH($H46,Prt,0)),"") -> 0 | AP46: =IFERROR(INDEX((std_anodizev_proses),MATCH($I46,pk,0)),"") | AQ46: =IFERROR(INDEX((std_anodizev2_proses),MATCH($I46,pk,0)),"") | AR46: =IFERROR(INDEX((std_anodizeh_proses),MATCH($I46,pk,0)),"") | AS46: =IFERROR(INDEX((std_anodize_per_ukuran),MATCH($H46,Prt,0)),"") -> 0 | AT46: =IF($AS46=edging7,L46,IF($AS46=edging8,L46,IF($AS46=edging9,L46,IF($AS46=Hand1,J45,IF($AS46=Hand2,L45,IF($AS46=hand3,"diisi manual",IF($AS46=hand4,"diisi manual",IF($AS46=hand5,"diisi manual",IF($AS46=mled02,J46,IF($AS46=mprf1,J46,IF($AS46=mlis1,J46,""))))))))))) | AU46: =IF($AS46="","",Q46*BR46) -> 0 | AW46: =CONCATENATE(VLOOKUP($V46,tabtf,2,0),VLOOKUP($X46,tabtf,2,0)) -> 17 | AX46: =IF($B46="alu",(CONCATENATE(VLOOKUP($AD46,tabfr,2,0),VLOOKUP($AE46,tabfr,2,0),VLOOKUP($AF46,tabfr,2,0),VLOOKUP($AG46,tabfr,2,0))),(CONCATENATE(VLOOKUP($AD46,tabte,2,0),VLOOKUP($AE46,tabte,2,0),VLOOKUP($AF46,tabte,2,0),VLOOKUP($AG46,tabte,2,0)))) -> 4444 | AY46: =IFERROR(VLOOKUP(AW46,descf,2,0),"") -> WY_5216_D(V)+Aica | AZ46: =IF($B46="alu",(VLOOKUP(AX46,descfr,2,0)),(VLOOKUP(AX46,desce,2,0))) -> Edg_EAW_5216D1_Keliling | BA46: =IF($R46=0,CONCATENATE(0,")"," ",$H46," ",$J46),CONCATENATE(VLOOKUP(H46,tabprt,2,0),")",$H46,"_",AY46)) -> 386)Back Panel_WY_5216_D(V)+Aica | BB46: =IF($B46="…",CONCATENATE(0,$E46,")"," ",$H46),IF($B46="kc",CONCATENATE(VLOOKUP(H46,tabprt,2,0),")",$H46," ",$R46," ",$S46,"mm"," ","-"," "," ",";"," ",$AZ46," ",$I46),IF($B46="alu",CONCATENATE(VLOOKUP(H46,tabprt,2,0),")",$H46," ",$R46," ",$S46,"mm"," ","-"," "," ",";"," ",$AZ46," ",$I46),CONCATENATE(VLOOKUP(H46,tabprt,2,0),")",$H46," ",$R46," ",$S46,"mm"," ","-"," ",$AY46," ",";"," ",$AZ46," ",$I46)))) -> 386)Back Panel Ply 18mm - WY_5216_D(V)+Aica ; Edg_EAW_5216D1_Keliling | BD46: =IFERROR(INDEX((std_minifix_prt),MATCH($H46,Prt,0)),"") -> 0 | BE46: =IFERROR(INDEX((std_dowel_prt),MATCH($H46,Prt,0)),"") -> 0 | BF46: =IFERROR(INDEX((std_j_sikufr_prt),MATCH($H46,Prt,0)),"")*Q46 -> 0 | BG46: =IFERROR(INDEX((std_j_screwjf_prt),MATCH($H46,Prt,0)),"")*Q46 -> 0 | BH46: =IF($AM46=0,0,1)*Q46 -> 0 | BI46: =IF($AO46=0,0,IF(J46<=fp,2,(ROUNDUP(J46/fp,0))))*Q46 -> 0 | BJ46: =IF($AN46=0,0,1)*Q46 -> 0 | BK46: =(($J46+tol_p)*$Q46)/1000 -> 2.04 | BL46: =(($L46+tol_p)*$Q46)/1000 -> 1.044 | BM46: =IF(R46=0,0,((2*((J46+tol_p)+(L46+tol_p))*Q46)/1000)) -> 6.168 | BN46: =((J46*L46)/1000000)*Q46 -> 2.008 | BO46: =CONCATENATE(R46,"_",S46) -> Ply_18 | BP46: =CONCATENATE(R46," ",S46," ",AY46) -> Ply 18 WY_5216_D(V)+Aica | BQ46: =((J46*L46*Q46)/(2400*1200))+10% -> 0.79722222 | BR46: =IFERROR(INDEX((std_jml_anodize_per_uk),MATCH($H46,Prt,0)),"") -> 0 | BS46: =IF($BD46=0,0,IF($L46<150,2,((ROUNDUP($L46/fm,0)*2))))*$Q46 -> 0 | BT46: =IF($BE46=0,0,IF($L46<150,2,((ROUNDUP($L46/fd,0)*2))))*$Q46 -> 0 | BU46: =BF46*$Q46 -> 0 | BV46: =BG46*$Q46 -> 0 | BW46: =+((J46*L46)*Q46)/1000000 -> 2.008 | BX46: =+((J46*L46*N46)*Q46)/1000000000 -> 0.039156 | BY46: =IFERROR(INDEX((tbl_edg),MATCH($AD46,Edg,0)),"") | BZ46: =IFERROR(INDEX((tbl_edg),MATCH($AE46,Edg,0)),"") | CA46: =IFERROR(INDEX((tbl_edg),MATCH($AF46,Edg,0)),"") | CB46: =IFERROR(INDEX((tbl_edg),MATCH($AG46,Edg,0)),"") | CC46: =IFERROR((J46-CA46-CB46),"") | CD46: =IFERROR((L46-BY46-BZ46),"") | CE46: =IFERROR((CONCATENATE(CC46," ","x"," ",CD46," ","x"," ",N46)),"") -> x x 19,5 | CF46: =IF(F46=1,(CONCATENATE(J46,";",L46,";",Q46,";",BP46,";",N46,";",H46,";","-1",";",AF46,";",CA46,";",AG46,";",CB46,";",AD46,";",BY46,";",AE46,";",BZ46))," ")
A49: =IFERROR(INDEX((ID),MATCH(H49,BARANG,0)),"…") -> … | B49: =IFERROR(INDEX((cprt),MATCH($H49,Prt,0)),"…") -> … | C49: Set_up | D49: =(INDEX(KS_Set,MATCH($H49,Set_prt,0))) -> [ks] | E49: A | F49: =IFERROR(INDEX((opt),MATCH($H49,Prt,0)),"") | G49: =IFERROR(INDEX((no_ref),MATCH($H49,ref,0)),"...") -> • | H49: End Panel Rangka nat Duco (rakit tukang) | J49: 2000 | K49: x | L49: 95 | M49: x | N49: 75 | O49: =CONCATENATE(J49," ",K49," ",L49," ",M49," ",N49) -> 2000 x 95 x 75 | Q49: 1 | AD49: =IF($B49="alu",(INDEX((Fr),MATCH(Z49,cfr,0))),INDEX((te),MATCH(Z49,cte,0))) | AE49: =IF($B49="alu",(INDEX((Fr),MATCH(AA49,cfr,0))),INDEX((te),MATCH(AA49,cte,0))) | AF49: =IF($B49="alu",(INDEX((Fr),MATCH(AB49,cfr,0))),INDEX((te),MATCH(AB49,cte,0))) | AG49: =IF($B49="alu",(INDEX((Fr),MATCH(AC49,cfr,0))),INDEX((te),MATCH(AC49,cte,0))) | AK49: =IFERROR(INDEX((std_siku_prt),MATCH($H49,Prt,0)),"") | AL49: =IFERROR(INDEX((std_screw_prt),MATCH($H49,Prt,0)),"") | AP49: =IFERROR(INDEX((std_anodizev_proses),MATCH($I49,pk,0)),"") | AQ49: =IFERROR(INDEX((std_anodizev2_proses),MATCH($I49,pk,0)),"") | AR49: =IFERROR(INDEX((std_anodizeh_proses),MATCH($I49,pk,0)),"") | AU49: =IF($AS49=0,"",Q49*BR49) | AX49: =IF($B49="alu",(CONCATENATE(VLOOKUP($AD49,tabfr,2,0),VLOOKUP($AE49,tabfr,2,0),VLOOKUP($AF49,tabfr,2,0),VLOOKUP($AG49,tabfr,2,0))),(CONCATENATE(VLOOKUP($AD49,tabte,2,0),VLOOKUP($AE49,tabte,2,0),VLOOKUP($AF49,tabte,2,0),VLOOKUP($AG49,tabte,2,0)))) -> 3333 | AY49: =IFERROR(VLOOKUP(AW49,descf,2,0),"") | AZ49: =IF($B49="alu",(VLOOKUP(AX49,descfr,2,0)),(VLOOKUP(AX49,desce,2,0))) -> - | BA49: =IF($R49=0,CONCATENATE(0,")"," ",$H49," ",$J49),CONCATENATE(VLOOKUP(H49,tabprt,2,0),")",$H49,"_",AY49)) -> 0) End Panel Rangka nat Duco (rakit tukang) 2000 | BB49: =IF($B49="…",CONCATENATE(0,$E49,")"," ",$H49),IF($B49="kc",CONCATENATE(VLOOKUP(H49,tabprt,2,0),")",$H49," ",$R49," ",$S49,"mm"," ","-"," "," ",";"," ",$AZ49," ",$I49),IF($B49="alu",CONCATENATE(VLOOKUP(H49,tabprt,2,0),")",$H49," ",$R49," ",$S49,"mm"," ","-"," "," ",";"," ",$AZ49," ",$I49),CONCATENATE(VLOOKUP(H49,tabprt,2,0),")",$H49," ",$R49," ",$S49,"mm"," ","-"," ",$AY49," ",";"," ",$AZ49," ",$I49)))) -> 0A) End Panel Rangka nat Duco (rakit tukang) | BD49: =IFERROR(INDEX((std_minifix_prt),MATCH($H49,Prt,0)),"") | BE49: =IFERROR(INDEX((std_dowel_prt),MATCH($H49,Prt,0)),"") | BH49: =IF($AM49=0,0,1)*Q49 -> 0 | BI49: =IF($AO49=0,0,IF(J49<=fp,2,(ROUNDUP(J49/fp,0))))*Q49 -> 0 | BJ49: =IF($AN49=0,0,1)*Q49 -> 0 | BK49: =(($J49+tol_p)*$Q49)/1000 -> 2.04 | BL49: =(($L49+tol_p)*$Q49)/1000 -> 0.135 | BM49: =IF(R49=0,0,((2*((J49+tol_p)+(L49+tol_p))*Q49)/1000)) -> 0 | BO49: =CONCATENATE(R49,"_",S49) -> _ | BP49: =CONCATENATE(R49," ",S49," ",AY49) | BQ49: =((J49*L49*Q49)/(2400*1200))+10% -> 0.16597222 | BR49: =IFERROR(INDEX((std_jml_anodize_per_uk),MATCH($H49,Prt,0)),"") | BS49: =IF($BD49=0,0,IF($L49<150,2,((ROUNDUP($L49/fm,0)*2))))*$Q49 -> 2 | BT49: =IF($BE49=0,0,IF($L49<150,2,((ROUNDUP($L49/fd,0)*2))))*$Q49 -> 2 | BW49: =+((J49*L49)*Q49)/1000000 -> 0.19 | BX49: =+((J49*L49*N49)*Q49)/1000000000 -> 0.01425 | BY49: =IFERROR(INDEX((tbl_edg),MATCH($AD49,Edg,0)),"") | BZ49: =IFERROR(INDEX((tbl_edg),MATCH($AE49,Edg,0)),"") | CA49: =IFERROR(INDEX((tbl_edg),MATCH($AF49,Edg,0)),"") | CB49: =IFERROR(INDEX((tbl_edg),MATCH($AG49,Edg,0)),"") | CC49: =IFERROR((J49-CA49-CB49),"") | CD49: =IFERROR((L49-BY49-BZ49),"") | CE49: =IFERROR((CONCATENATE(CC49," ","x"," ",CD49," ","x"," ",N49)),"") -> x x 75 | CF49: =IF(F49=1,(CONCATENATE(J49,";",L49,";",Q49,";",BP49,";",N49,";",H49,";","-1",";",AF49,";",CA49,";",AG49,";",CB49,";",AD49,";",BY49,";",AE49,";",BZ49))," ")
A50: =IFERROR(INDEX((ID),MATCH(H50,BARANG,0)),"…") -> … | B50: =IFERROR(INDEX((cprt),MATCH($H50,Prt,0)),"…") -> pintu | C50: prt | D50: =IFERROR(INDEX((KS),MATCH($H50,Prt,0)),"") -> KS | E50: A | F50: =IFERROR(INDEX((opt),MATCH($H50,Prt,0)),"") -> 1 | G50: =IFERROR(INDEX((no_ref),MATCH($H50,ref,0)),"...") -> ... | H50: End Panel Rangka | J50: =+J49 -> 2000 | K50: x | L50: =+L49 -> 95 | M50: x | N50: =+(S50+W50+Y50) -> 18.5 | O50: =CONCATENATE(J50," ",K50," ",L50," ",M50," ",N50) -> 2000 x 95 x 18,5 | P50: 2 | Q50: =+P50*Q49 -> 2 | R50: =IFERROR(INDEX((std_bhn_prt),MATCH($H50,Prt,0)),"") -> Ply | S50: 18 | T50: 7 | U50: =INDEX((std_lapisan_dalam_prt),MATCH($H50,Prt,0)) -> 0 | V50: =IFERROR(INDEX((tf),MATCH(T50,ctf,0)),"") -> Duco | W50: =IFERROR(INDEX((tebal_lapisan),MATCH($V50,tf,0)),"") -> 0.5 | X50: =IFERROR(INDEX((tf),MATCH(U50,ctf,0)),"") -> Polos | Y50: =IFERROR(INDEX((tebal_lapisan),MATCH($X50,tf,0)),"") -> 0 | Z50: =INDEX((std_edg_P1_prt),MATCH($H50,Prt,0)) -> 0 | AA50: =INDEX((std_edg_P2_prt),MATCH($H50,Prt,0)) -> 0 | AB50: =INDEX((std_edg_L1_prt),MATCH($H50,Prt,0)) -> 0 | AC50: =INDEX((std_edg_L2_prt),MATCH($H50,Prt,0)) -> 0 | AD50: =IF($B50="alu",(INDEX((Fr),MATCH(Z50,cfr,0))),INDEX((te),MATCH(Z50,cte,0))) | AE50: =IF($B50="alu",(INDEX((Fr),MATCH(AA50,cfr,0))),INDEX((te),MATCH(AA50,cte,0))) | AF50: =IF($B50="alu",(INDEX((Fr),MATCH(AB50,cfr,0))),INDEX((te),MATCH(AB50,cte,0))) | AG50: =IF($B50="alu",(INDEX((Fr),MATCH(AC50,cfr,0))),INDEX((te),MATCH(AC50,cte,0))) | AH50: =IFERROR(INDEX((std_profil3_prt),MATCH($H50,Prt,0)),"") -> 0 | AI50: =IFERROR(INDEX((std_profil2_prt),MATCH($H50,Prt,0)),"") -> 0 | AJ50: =IFERROR(INDEX((std_profil_prt),MATCH($H50,Prt,0)),"") -> 0 | AK50: =IFERROR(INDEX((std_siku_prt),MATCH($H50,Prt,0)),"") -> 0 | AL50: =IFERROR(INDEX((std_screw_prt),MATCH($H50,Prt,0)),"") -> 0 | AN50: =IFERROR(INDEX((std_rel_prt),MATCH($H50,Prt,0)),"") -> 0 | AO50: =IFERROR(INDEX((std_engsel_prt),MATCH($H50,Prt,0)),"") -> 0 | AP50: =IFERROR(INDEX((std_anodizev_proses),MATCH($I50,pk,0)),"") | AQ50: =IFERROR(INDEX((std_anodizev2_proses),MATCH($I50,pk,0)),"") | AR50: =edging1 -> Edg_EAW_5216D1 | AS50: =IFERROR(INDEX((std_anodize_per_ukuran),MATCH($H50,Prt,0)),"") -> 0 | AT50: =IF($AS50=edging7,L50,IF($AS50=edging8,L50,IF($AS50=edging9,L50,IF($AS50=Hand1,J49,IF($AS50=Hand2,L49,IF($AS50=hand3,"diisi manual",IF($AS50=hand4,"diisi manual",IF($AS50=hand5,"diisi manual",IF($AS50=mled02,J50,IF($AS50=mprf1,J50,IF($AS50=mlis1,J50,""))))))))))) | AU50: =IF($AS50="","",Q50*BR50) -> 0 | AW50: =CONCATENATE(VLOOKUP($V50,tabtf,2,0),VLOOKUP($X50,tabtf,2,0)) -> 123 | AX50: =IF($B50="alu",(CONCATENATE(VLOOKUP($AD50,tabfr,2,0),VLOOKUP($AE50,tabfr,2,0),VLOOKUP($AF50,tabfr,2,0),VLOOKUP($AG50,tabfr,2,0))),(CONCATENATE(VLOOKUP($AD50,tabte,2,0),VLOOKUP($AE50,tabte,2,0),VLOOKUP($AF50,tabte,2,0),VLOOKUP($AG50,tabte,2,0)))) -> 3333 | AY50: =IFERROR(VLOOKUP(AW50,descf,2,0),"") -> Duco_1mk_Polos | AZ50: =IF($B50="alu",(VLOOKUP(AX50,descfr,2,0)),(VLOOKUP(AX50,desce,2,0))) -> - | BA50: =IF($R50=0,CONCATENATE(0,")"," ",$H50," ",$J50),CONCATENATE(VLOOKUP(H50,tabprt,2,0),")",$H50,"_",AY50)) -> 379)End Panel Rangka_Duco_1mk_Polos | BB50: =IF($B50="…",CONCATENATE(0,$E50,")"," ",$H50),IF($B50="kc",CONCATENATE(VLOOKUP(H50,tabprt,2,0),")",$H50," ",$R50," ",$S50,"mm"," ","-"," "," ",";"," ",$AZ50," ",$I50),IF($B50="alu",CONCATENATE(VLOOKUP(H50,tabprt,2,0),")",$H50," ",$R50," ",$S50,"mm"," ","-"," "," ",";"," ",$AZ50," ",$I50),CONCATENATE(VLOOKUP(H50,tabprt,2,0),")",$H50," ",$R50," ",$S50,"mm"," ","-"," ",$AY50," ",";"," ",$AZ50," ",$I50)))) -> 379)End Panel Rangka Ply 18mm - Duco_1mk_Polos ; - | BD50: =IFERROR(INDEX((std_minifix_prt),MATCH($H50,Prt,0)),"") -> 0 | BE50: =IFERROR(INDEX((std_dowel_prt),MATCH($H50,Prt,0)),"") -> 0 | BF50: =IFERROR(INDEX((std_j_sikufr_prt),MATCH($H50,Prt,0)),"")*Q50 -> 0 | BG50: =IFERROR(INDEX((std_j_screwjf_prt),MATCH($H50,Prt,0)),"")*Q50 -> 0 | BH50: =IF($AM50=0,0,1)*Q50 -> 0 | BI50: =IF($AO50=0,0,IF(J50<=fp,2,(ROUNDUP(J50/fp,0))))*Q50 -> 0 | BJ50: =IF($AN50=0,0,1)*Q50 -> 0 | BK50: =(($J50+tol_p)*$Q50)/1000 -> 4.08 | BL50: =(($L50+tol_p)*$Q50)/1000 -> 0.27 | BM50: =IF(R50=0,0,((2*((J50+tol_p)+(L50+tol_p))*Q50)/1000)) -> 8.7 | BN50: =((J50*L50)/1000000)*Q50 -> 0.38 | BO50: =CONCATENATE(R50,"_",S50) -> Ply_18 | BP50: =CONCATENATE(R50," ",S50," ",AY50) -> Ply 18 Duco_1mk_Polos | BQ50: =((J50*L50*Q50)/(2400*1200))+10% -> 0.23194444 | BR50: =IFERROR(INDEX((std_jml_anodize_per_uk),MATCH($H50,Prt,0)),"") -> 0 | BS50: =IF($BD50=0,0,IF($L50<150,2,((ROUNDUP($L50/fm,0)*2))))*$Q50 -> 0 | BT50: =IF($BE50=0,0,IF($L50<150,2,((ROUNDUP($L50/fd,0)*2))))*$Q50 -> 0 | BU50: =BF50*$Q50 -> 0 | BV50: =BG50*$Q50 -> 0 | BW50: =+((J50*L50)*Q50)/1000000 -> 0.38 | BX50: =+((J50*L50*N50)*Q50)/1000000000 -> 0.00703 | BY50: =IFERROR(INDEX((tbl_edg),MATCH($AD50,Edg,0)),"") | BZ50: =IFERROR(INDEX((tbl_edg),MATCH($AE50,Edg,0)),"") | CA50: =IFERROR(INDEX((tbl_edg),MATCH($AF50,Edg,0)),"") | CB50: =IFERROR(INDEX((tbl_edg),MATCH($AG50,Edg,0)),"") | CC50: =IFERROR((J50-CA50-CB50),"") | CD50: =IFERROR((L50-BY50-BZ50),"") | CE50: =IFERROR((CONCATENATE(CC50," ","x"," ",CD50," ","x"," ",N50)),"") -> x x 18,5 | CF50: =IF(F50=1,(CONCATENATE(J50,";",L50,";",Q50,";",BP50,";",N50,";",H50,";","-1",";",AF50,";",CA50,";",AG50,";",CB50,";",AD50,";",BY50,";",AE50,";",BZ50))," ") -> 2000;95;2;Ply 18 Duco_1mk_Polos;18,5;End Panel Rangka;-1; ;; ;; ;; ;
A51: =IFERROR(INDEX((ID),MATCH(H51,BARANG,0)),"…") -> … | B51: =IFERROR(INDEX((cprt),MATCH($H51,Prt,0)),"…") -> dc man | C51: prt | D51: =IFERROR(INDEX((KS),MATCH($H51,Prt,0)),"") -> ─ | E51: A | F51: =IFERROR(INDEX((opt),MATCH($H51,Prt,0)),"") -> 1 | G51: =IFERROR(INDEX((no_ref),MATCH($H51,ref,0)),"...") -> ... | H51: HPL Lembaran | J51: =+J49 -> 2000 | K51: x | L51: =+L49 -> 95 | M51: x | N51: =+(S51+W51+Y51) -> 1 | O51: =CONCATENATE(J51," ",K51," ",L51," ",M51," ",N51) -> 2000 x 95 x 1 | P51: 2 | Q51: =+P51*Q49 -> 2 | R51: =IFERROR(INDEX((std_bhn_prt),MATCH($H51,Prt,0)),"") -> WY_5216_D(V) | S51: =IFERROR(INDEX((std_Tbahan_prt),MATCH($H51,Prt,0)),"") -> 1 | T51: =INDEX((std_lapisan_luar_prt),MATCH($H51,Prt,0)) -> 0 | U51: =INDEX((std_lapisan_dalam_prt),MATCH($H51,Prt,0)) -> 0 | V51: =IFERROR(INDEX((tf),MATCH(T51,ctf,0)),"") -> Polos | W51: =IFERROR(INDEX((tebal_lapisan),MATCH($V51,tf,0)),"") -> 0 | X51: =IFERROR(INDEX((tf),MATCH(U51,ctf,0)),"") -> Polos | Y51: =IFERROR(INDEX((tebal_lapisan),MATCH($X51,tf,0)),"") -> 0 | Z51: =INDEX((std_edg_P1_prt),MATCH($H51,Prt,0)) -> 0 | AA51: =INDEX((std_edg_P2_prt),MATCH($H51,Prt,0)) -> 0 | AB51: =INDEX((std_edg_L1_prt),MATCH($H51,Prt,0)) -> 0 | AC51: =INDEX((std_edg_L2_prt),MATCH($H51,Prt,0)) -> 0 | AD51: =IF($B51="alu",(INDEX((Fr),MATCH(Z51,cfr,0))),INDEX((te),MATCH(Z51,cte,0))) | AE51: =IF($B51="alu",(INDEX((Fr),MATCH(AA51,cfr,0))),INDEX((te),MATCH(AA51,cte,0))) | AF51: =IF($B51="alu",(INDEX((Fr),MATCH(AB51,cfr,0))),INDEX((te),MATCH(AB51,cte,0))) | AG51: =IF($B51="alu",(INDEX((Fr),MATCH(AC51,cfr,0))),INDEX((te),MATCH(AC51,cte,0))) | AH51: =IFERROR(INDEX((std_profil3_prt),MATCH($H51,Prt,0)),"") -> 0 | AI51: =IFERROR(INDEX((std_profil2_prt),MATCH($H51,Prt,0)),"") -> 0 | AJ51: =IFERROR(INDEX((std_profil_prt),MATCH($H51,Prt,0)),"") -> 0 | AK51: =IFERROR(INDEX((std_siku_prt),MATCH($H51,Prt,0)),"") -> 0 | AL51: =IFERROR(INDEX((std_screw_prt),MATCH($H51,Prt,0)),"") -> 0 | AN51: =IFERROR(INDEX((std_rel_prt),MATCH($H51,Prt,0)),"") -> 0 | AO51: =IFERROR(INDEX((std_engsel_prt),MATCH($H51,Prt,0)),"") -> 0 | AP51: =IFERROR(INDEX((std_anodizev_proses),MATCH($I51,pk,0)),"") | AQ51: =IFERROR(INDEX((std_anodizev2_proses),MATCH($I51,pk,0)),"") | AR51: =IFERROR(INDEX((std_anodizeh_proses),MATCH($I51,pk,0)),"") | AS51: =IFERROR(INDEX((std_anodize_per_ukuran),MATCH($H51,Prt,0)),"") -> 0 | AT51: =IF($AS51=edging7,L51,IF($AS51=edging8,L51,IF($AS51=edging9,L51,IF($AS51=Hand1,J50,IF($AS51=Hand2,L50,IF($AS51=hand3,"diisi manual",IF($AS51=hand4,"diisi manual",IF($AS51=hand5,"diisi manual",IF($AS51=mled02,J51,IF($AS51=mprf1,J51,IF($AS51=mlis1,J51,""))))))))))) | AU51: =IF($AS51="","",Q51*BR51) -> 0 | AW51: =CONCATENATE(VLOOKUP($V51,tabtf,2,0),VLOOKUP($X51,tabtf,2,0)) -> 33 | AX51: =IF($B51="alu",(CONCATENATE(VLOOKUP($AD51,tabfr,2,0),VLOOKUP($AE51,tabfr,2,0),VLOOKUP($AF51,tabfr,2,0),VLOOKUP($AG51,tabfr,2,0))),(CONCATENATE(VLOOKUP($AD51,tabte,2,0),VLOOKUP($AE51,tabte,2,0),VLOOKUP($AF51,tabte,2,0),VLOOKUP($AG51,tabte,2,0)))) -> 3333 | AY51: =IFERROR(VLOOKUP(AW51,descf,2,0),"") -> Polos | AZ51: =IF($B51="alu",(VLOOKUP(AX51,descfr,2,0)),(VLOOKUP(AX51,desce,2,0))) -> - | BA51: =IF($R51=0,CONCATENATE(0,")"," ",$H51," ",$J51),CONCATENATE(VLOOKUP(H51,tabprt,2,0),")",$H51,"_",AY51)) -> 483)HPL Lembaran_Polos | BB51: =IF($B51="…",CONCATENATE(0,$E51,")"," ",$H51),IF($B51="kc",CONCATENATE(VLOOKUP(H51,tabprt,2,0),")",$H51," ",$R51," ",$S51,"mm"," ","-"," "," ",";"," ",$AZ51," ",$I51),IF($B51="alu",CONCATENATE(VLOOKUP(H51,tabprt,2,0),")",$H51," ",$R51," ",$S51,"mm"," ","-"," "," ",";"," ",$AZ51," ",$I51),CONCATENATE(VLOOKUP(H51,tabprt,2,0),")",$H51," ",$R51," ",$S51,"mm"," ","-"," ",$AY51," ",";"," ",$AZ51," ",$I51)))) -> 483)HPL Lembaran WY_5216_D(V) 1mm - Polos ; - | BD51: =IFERROR(INDEX((std_minifix_prt),MATCH($H51,Prt,0)),"") -> 0 | BE51: =IFERROR(INDEX((std_dowel_prt),MATCH($H51,Prt,0)),"") -> 0 | BF51: =IFERROR(INDEX((std_j_sikufr_prt),MATCH($H51,Prt,0)),"")*Q51 -> 0 | BG51: =IFERROR(INDEX((std_j_screwjf_prt),MATCH($H51,Prt,0)),"")*Q51 -> 0 | BH51: =IF($AM51=0,0,1)*Q51 -> 0 | BI51: =IF($AO51=0,0,IF(J51<=fp,2,(ROUNDUP(J51/fp,0))))*Q51 -> 0 | BJ51: =IF($AN51=0,0,1)*Q51 -> 0 | BK51: =(($J51+tol_p)*$Q51)/1000 -> 4.08 | BL51: =(($L51+tol_p)*$Q51)/1000 -> 0.27 | BM51: =IF(R51=0,0,((2*((J51+tol_p)+(L51+tol_p))*Q51)/1000)) -> 8.7 | BN51: =((J51*L51)/1000000)*Q51 -> 0.38 | BO51: =CONCATENATE(R51,"_",S51) -> WY_5216_D(V)_1 | BP51: =CONCATENATE(R51," ",S51," ",AY51) -> WY_5216_D(V) 1 Polos | BQ51: =((J51*L51*Q51)/(2400*1200))+10% -> 0.23194444 | BR51: =IFERROR(INDEX((std_jml_anodize_per_uk),MATCH($H51,Prt,0)),"") -> 0 | BS51: =IF($BD51=0,0,IF($L51<150,2,((ROUNDUP($L51/fm,0)*2))))*$Q51 -> 0 | BT51: =IF($BE51=0,0,IF($L51<150,2,((ROUNDUP($L51/fd,0)*2))))*$Q51 -> 0 | BU51: =BF51*$Q51 -> 0 | BV51: =BG51*$Q51 -> 0 | BW51: =+((J51*L51)*Q51)/1000000 -> 0.38 | BX51: =+((J51*L51*N51)*Q51)/1000000000 -> 0.00038 | BY51: =IFERROR(INDEX((tbl_edg),MATCH($AD51,Edg,0)),"") | BZ51: =IFERROR(INDEX((tbl_edg),MATCH($AE51,Edg,0)),"") | CA51: =IFERROR(INDEX((tbl_edg),MATCH($AF51,Edg,0)),"") | CB51: =IFERROR(INDEX((tbl_edg),MATCH($AG51,Edg,0)),"") | CC51: =IFERROR((J51-CA51-CB51),"") | CD51: =IFERROR((L51-BY51-BZ51),"") | CE51: =IFERROR((CONCATENATE(CC51," ","x"," ",CD51," ","x"," ",N51)),"") -> x x 1 | CF51: =IF(F51=1,(CONCATENATE(J51,";",L51,";",Q51,";",BP51,";",N51,";",H51,";","-1",";",AF51,";",CA51,";",AG51,";",CB51,";",AD51,";",BY51,";",AE51,";",BZ51))," ") -> 2000;95;2;WY_5216_D(V) 1 Polos;1;HPL Lembaran;-1; ;; ;; ;; ;
A53: =IFERROR(INDEX((ID),MATCH(H53,BARANG,0)),"…") -> … | B53: =IFERROR(INDEX((cprt),MATCH($H53,Prt,0)),"…") -> … | C53: Set_up | D53: =(INDEX(KS_Set,MATCH($H53,Set_prt,0))) -> [ks] | E53: A | F53: =IFERROR(INDEX((opt),MATCH($H53,Prt,0)),"") | G53: =IFERROR(INDEX((no_ref),MATCH($H53,ref,0)),"...") -> • | H53: End Panel Rangka nat Duco (rakit tukang) | J53: 1490 | K53: x | L53: 95 | M53: x | N53: 75 | O53: =CONCATENATE(J53," ",K53," ",L53," ",M53," ",N53) -> 1490 x 95 x 75 | Q53: 1 | AD53: =IF($B53="alu",(INDEX((Fr),MATCH(Z53,cfr,0))),INDEX((te),MATCH(Z53,cte,0))) | AE53: =IF($B53="alu",(INDEX((Fr),MATCH(AA53,cfr,0))),INDEX((te),MATCH(AA53,cte,0))) | AF53: =IF($B53="alu",(INDEX((Fr),MATCH(AB53,cfr,0))),INDEX((te),MATCH(AB53,cte,0))) | AG53: =IF($B53="alu",(INDEX((Fr),MATCH(AC53,cfr,0))),INDEX((te),MATCH(AC53,cte,0))) | AK53: =IFERROR(INDEX((std_siku_prt),MATCH($H53,Prt,0)),"") | AL53: =IFERROR(INDEX((std_screw_prt),MATCH($H53,Prt,0)),"") | AP53: =IFERROR(INDEX((std_anodizev_proses),MATCH($I53,pk,0)),"") | AQ53: =IFERROR(INDEX((std_anodizev2_proses),MATCH($I53,pk,0)),"") | AR53: =IFERROR(INDEX((std_anodizeh_proses),MATCH($I53,pk,0)),"") | AU53: =IF($AS53=0,"",Q53*BR53) | AX53: =IF($B53="alu",(CONCATENATE(VLOOKUP($AD53,tabfr,2,0),VLOOKUP($AE53,tabfr,2,0),VLOOKUP($AF53,tabfr,2,0),VLOOKUP($AG53,tabfr,2,0))),(CONCATENATE(VLOOKUP($AD53,tabte,2,0),VLOOKUP($AE53,tabte,2,0),VLOOKUP($AF53,tabte,2,0),VLOOKUP($AG53,tabte,2,0)))) -> 3333 | AY53: =IFERROR(VLOOKUP(AW53,descf,2,0),"") | AZ53: =IF($B53="alu",(VLOOKUP(AX53,descfr,2,0)),(VLOOKUP(AX53,desce,2,0))) -> - | BA53: =IF($R53=0,CONCATENATE(0,")"," ",$H53," ",$J53),CONCATENATE(VLOOKUP(H53,tabprt,2,0),")",$H53,"_",AY53)) -> 0) End Panel Rangka nat Duco (rakit tukang) 1490 | BB53: =IF($B53="…",CONCATENATE(0,$E53,")"," ",$H53),IF($B53="kc",CONCATENATE(VLOOKUP(H53,tabprt,2,0),")",$H53," ",$R53," ",$S53,"mm"," ","-"," "," ",";"," ",$AZ53," ",$I53),IF($B53="alu",CONCATENATE(VLOOKUP(H53,tabprt,2,0),")",$H53," ",$R53," ",$S53,"mm"," ","-"," "," ",";"," ",$AZ53," ",$I53),CONCATENATE(VLOOKUP(H53,tabprt,2,0),")",$H53," ",$R53," ",$S53,"mm"," ","-"," ",$AY53," ",";"," ",$AZ53," ",$I53)))) -> 0A) End Panel Rangka nat Duco (rakit tukang) | BD53: =IFERROR(INDEX((std_minifix_prt),MATCH($H53,Prt,0)),"") | BE53: =IFERROR(INDEX((std_dowel_prt),MATCH($H53,Prt,0)),"") | BH53: =IF($AM53=0,0,1)*Q53 -> 0 | BI53: =IF($AO53=0,0,IF(J53<=fp,2,(ROUNDUP(J53/fp,0))))*Q53 -> 0 | BJ53: =IF($AN53=0,0,1)*Q53 -> 0 | BK53: =(($J53+tol_p)*$Q53)/1000 -> 1.53 | BL53: =(($L53+tol_p)*$Q53)/1000 -> 0.135 | BM53: =IF(R53=0,0,((2*((J53+tol_p)+(L53+tol_p))*Q53)/1000)) -> 0 | BO53: =CONCATENATE(R53,"_",S53) -> _ | BP53: =CONCATENATE(R53," ",S53," ",AY53) | BQ53: =((J53*L53*Q53)/(2400*1200))+10% -> 0.14914931 | BR53: =IFERROR(INDEX((std_jml_anodize_per_uk),MATCH($H53,Prt,0)),"") | BS53: =IF($BD53=0,0,IF($L53<150,2,((ROUNDUP($L53/fm,0)*2))))*$Q53 -> 2 | BT53: =IF($BE53=0,0,IF($L53<150,2,((ROUNDUP($L53/fd,0)*2))))*$Q53 -> 2 | BW53: =+((J53*L53)*Q53)/1000000 -> 0.14155 | BX53: =+((J53*L53*N53)*Q53)/1000000000 -> 0.01061625 | BY53: =IFERROR(INDEX((tbl_edg),MATCH($AD53,Edg,0)),"") | BZ53: =IFERROR(INDEX((tbl_edg),MATCH($AE53,Edg,0)),"") | CA53: =IFERROR(INDEX((tbl_edg),MATCH($AF53,Edg,0)),"") | CB53: =IFERROR(INDEX((tbl_edg),MATCH($AG53,Edg,0)),"") | CC53: =IFERROR((J53-CA53-CB53),"") | CD53: =IFERROR((L53-BY53-BZ53),"") | CE53: =IFERROR((CONCATENATE(CC53," ","x"," ",CD53," ","x"," ",N53)),"") -> x x 75 | CF53: =IF(F53=1,(CONCATENATE(J53,";",L53,";",Q53,";",BP53,";",N53,";",H53,";","-1",";",AF53,";",CA53,";",AG53,";",CB53,";",AD53,";",BY53,";",AE53,";",BZ53))," ")
A54: =IFERROR(INDEX((ID),MATCH(H54,BARANG,0)),"…") -> … | B54: =IFERROR(INDEX((cprt),MATCH($H54,Prt,0)),"…") -> pintu | C54: prt | D54: =IFERROR(INDEX((KS),MATCH($H54,Prt,0)),"") -> KS | E54: A | F54: =IFERROR(INDEX((opt),MATCH($H54,Prt,0)),"") -> 1 | G54: =IFERROR(INDEX((no_ref),MATCH($H54,ref,0)),"...") -> ... | H54: End Panel Rangka | J54: =+J53 -> 1490 | K54: x | L54: =+L53 -> 95 | M54: x | N54: =+(S54+W54+Y54) -> 18.5 | O54: =CONCATENATE(J54," ",K54," ",L54," ",M54," ",N54) -> 1490 x 95 x 18,5 | P54: 2 | Q54: =+P54*Q53 -> 2 | R54: =IFERROR(INDEX((std_bhn_prt),MATCH($H54,Prt,0)),"") -> Ply | S54: 18 | T54: 7 | U54: =INDEX((std_lapisan_dalam_prt),MATCH($H54,Prt,0)) -> 0 | V54: =IFERROR(INDEX((tf),MATCH(T54,ctf,0)),"") -> Duco | W54: =IFERROR(INDEX((tebal_lapisan),MATCH($V54,tf,0)),"") -> 0.5 | X54: =IFERROR(INDEX((tf),MATCH(U54,ctf,0)),"") -> Polos | Y54: =IFERROR(INDEX((tebal_lapisan),MATCH($X54,tf,0)),"") -> 0 | Z54: =INDEX((std_edg_P1_prt),MATCH($H54,Prt,0)) -> 0 | AA54: =INDEX((std_edg_P2_prt),MATCH($H54,Prt,0)) -> 0 | AB54: =INDEX((std_edg_L1_prt),MATCH($H54,Prt,0)) -> 0 | AC54: =INDEX((std_edg_L2_prt),MATCH($H54,Prt,0)) -> 0 | AD54: =IF($B54="alu",(INDEX((Fr),MATCH(Z54,cfr,0))),INDEX((te),MATCH(Z54,cte,0))) | AE54: =IF($B54="alu",(INDEX((Fr),MATCH(AA54,cfr,0))),INDEX((te),MATCH(AA54,cte,0))) | AF54: =IF($B54="alu",(INDEX((Fr),MATCH(AB54,cfr,0))),INDEX((te),MATCH(AB54,cte,0))) | AG54: =IF($B54="alu",(INDEX((Fr),MATCH(AC54,cfr,0))),INDEX((te),MATCH(AC54,cte,0))) | AH54: =IFERROR(INDEX((std_profil3_prt),MATCH($H54,Prt,0)),"") -> 0 | AI54: =IFERROR(INDEX((std_profil2_prt),MATCH($H54,Prt,0)),"") -> 0 | AJ54: =IFERROR(INDEX((std_profil_prt),MATCH($H54,Prt,0)),"") -> 0 | AK54: =IFERROR(INDEX((std_siku_prt),MATCH($H54,Prt,0)),"") -> 0 | AL54: =IFERROR(INDEX((std_screw_prt),MATCH($H54,Prt,0)),"") -> 0 | AN54: =IFERROR(INDEX((std_rel_prt),MATCH($H54,Prt,0)),"") -> 0 | AO54: =IFERROR(INDEX((std_engsel_prt),MATCH($H54,Prt,0)),"") -> 0 | AP54: =IFERROR(INDEX((std_anodizev_proses),MATCH($I54,pk,0)),"") | AQ54: =IFERROR(INDEX((std_anodizev2_proses),MATCH($I54,pk,0)),"") | AR54: =edging1 -> Edg_EAW_5216D1 | AS54: =IFERROR(INDEX((std_anodize_per_ukuran),MATCH($H54,Prt,0)),"") -> 0 | AT54: =IF($AS54=edging7,L54,IF($AS54=edging8,L54,IF($AS54=edging9,L54,IF($AS54=Hand1,J53,IF($AS54=Hand2,L53,IF($AS54=hand3,"diisi manual",IF($AS54=hand4,"diisi manual",IF($AS54=hand5,"diisi manual",IF($AS54=mled02,J54,IF($AS54=mprf1,J54,IF($AS54=mlis1,J54,""))))))))))) | AU54: =IF($AS54="","",Q54*BR54) -> 0 | AW54: =CONCATENATE(VLOOKUP($V54,tabtf,2,0),VLOOKUP($X54,tabtf,2,0)) -> 123 | AX54: =IF($B54="alu",(CONCATENATE(VLOOKUP($AD54,tabfr,2,0),VLOOKUP($AE54,tabfr,2,0),VLOOKUP($AF54,tabfr,2,0),VLOOKUP($AG54,tabfr,2,0))),(CONCATENATE(VLOOKUP($AD54,tabte,2,0),VLOOKUP($AE54,tabte,2,0),VLOOKUP($AF54,tabte,2,0),VLOOKUP($AG54,tabte,2,0)))) -> 3333 | AY54: =IFERROR(VLOOKUP(AW54,descf,2,0),"") -> Duco_1mk_Polos | AZ54: =IF($B54="alu",(VLOOKUP(AX54,descfr,2,0)),(VLOOKUP(AX54,desce,2,0))) -> - | BA54: =IF($R54=0,CONCATENATE(0,")"," ",$H54," ",$J54),CONCATENATE(VLOOKUP(H54,tabprt,2,0),")",$H54,"_",AY54)) -> 379)End Panel Rangka_Duco_1mk_Polos | BB54: =IF($B54="…",CONCATENATE(0,$E54,")"," ",$H54),IF($B54="kc",CONCATENATE(VLOOKUP(H54,tabprt,2,0),")",$H54," ",$R54," ",$S54,"mm"," ","-"," "," ",";"," ",$AZ54," ",$I54),IF($B54="alu",CONCATENATE(VLOOKUP(H54,tabprt,2,0),")",$H54," ",$R54," ",$S54,"mm"," ","-"," "," ",";"," ",$AZ54," ",$I54),CONCATENATE(VLOOKUP(H54,tabprt,2,0),")",$H54," ",$R54," ",$S54,"mm"," ","-"," ",$AY54," ",";"," ",$AZ54," ",$I54)))) -> 379)End Panel Rangka Ply 18mm - Duco_1mk_Polos ; - | BD54: =IFERROR(INDEX((std_minifix_prt),MATCH($H54,Prt,0)),"") -> 0 | BE54: =IFERROR(INDEX((std_dowel_prt),MATCH($H54,Prt,0)),"") -> 0 | BF54: =IFERROR(INDEX((std_j_sikufr_prt),MATCH($H54,Prt,0)),"")*Q54 -> 0 | BG54: =IFERROR(INDEX((std_j_screwjf_prt),MATCH($H54,Prt,0)),"")*Q54 -> 0 | BH54: =IF($AM54=0,0,1)*Q54 -> 0 | BI54: =IF($AO54=0,0,IF(J54<=fp,2,(ROUNDUP(J54/fp,0))))*Q54 -> 0 | BJ54: =IF($AN54=0,0,1)*Q54 -> 0 | BK54: =(($J54+tol_p)*$Q54)/1000 -> 3.06 | BL54: =(($L54+tol_p)*$Q54)/1000 -> 0.27 | BM54: =IF(R54=0,0,((2*((J54+tol_p)+(L54+tol_p))*Q54)/1000)) -> 6.66 | BN54: =((J54*L54)/1000000)*Q54 -> 0.2831 | BO54: =CONCATENATE(R54,"_",S54) -> Ply_18 | BP54: =CONCATENATE(R54," ",S54," ",AY54) -> Ply 18 Duco_1mk_Polos | BQ54: =((J54*L54*Q54)/(2400*1200))+10% -> 0.19829861 | BR54: =IFERROR(INDEX((std_jml_anodize_per_uk),MATCH($H54,Prt,0)),"") -> 0 | BS54: =IF($BD54=0,0,IF($L54<150,2,((ROUNDUP($L54/fm,0)*2))))*$Q54 -> 0 | BT54: =IF($BE54=0,0,IF($L54<150,2,((ROUNDUP($L54/fd,0)*2))))*$Q54 -> 0 | BU54: =BF54*$Q54 -> 0 | BV54: =BG54*$Q54 -> 0 | BW54: =+((J54*L54)*Q54)/1000000 -> 0.2831 | BX54: =+((J54*L54*N54)*Q54)/1000000000 -> 0.00523735 | BY54: =IFERROR(INDEX((tbl_edg),MATCH($AD54,Edg,0)),"") | BZ54: =IFERROR(INDEX((tbl_edg),MATCH($AE54,Edg,0)),"") | CA54: =IFERROR(INDEX((tbl_edg),MATCH($AF54,Edg,0)),"") | CB54: =IFERROR(INDEX((tbl_edg),MATCH($AG54,Edg,0)),"") | CC54: =IFERROR((J54-CA54-CB54),"") | CD54: =IFERROR((L54-BY54-BZ54),"") | CE54: =IFERROR((CONCATENATE(CC54," ","x"," ",CD54," ","x"," ",N54)),"") -> x x 18,5 | CF54: =IF(F54=1,(CONCATENATE(J54,";",L54,";",Q54,";",BP54,";",N54,";",H54,";","-1",";",AF54,";",CA54,";",AG54,";",CB54,";",AD54,";",BY54,";",AE54,";",BZ54))," ") -> 1490;95;2;Ply 18 Duco_1mk_Polos;18,5;End Panel Rangka;-1; ;; ;; ;; ;
A55: =IFERROR(INDEX((ID),MATCH(H55,BARANG,0)),"…") -> … | B55: =IFERROR(INDEX((cprt),MATCH($H55,Prt,0)),"…") -> dc man | C55: prt | D55: =IFERROR(INDEX((KS),MATCH($H55,Prt,0)),"") -> ─ | E55: A | F55: =IFERROR(INDEX((opt),MATCH($H55,Prt,0)),"") -> 1 | G55: =IFERROR(INDEX((no_ref),MATCH($H55,ref,0)),"...") -> ... | H55: HPL Lembaran | J55: =+J53 -> 1490 | K55: x | L55: =+L53 -> 95 | M55: x | N55: =+(S55+W55+Y55) -> 1 | O55: =CONCATENATE(J55," ",K55," ",L55," ",M55," ",N55) -> 1490 x 95 x 1 | P55: 2 | Q55: =+P55*Q53 -> 2 | R55: =IFERROR(INDEX((std_bhn_prt),MATCH($H55,Prt,0)),"") -> WY_5216_D(V) | S55: =IFERROR(INDEX((std_Tbahan_prt),MATCH($H55,Prt,0)),"") -> 1 | T55: =INDEX((std_lapisan_luar_prt),MATCH($H55,Prt,0)) -> 0 | U55: =INDEX((std_lapisan_dalam_prt),MATCH($H55,Prt,0)) -> 0 | V55: =IFERROR(INDEX((tf),MATCH(T55,ctf,0)),"") -> Polos | W55: =IFERROR(INDEX((tebal_lapisan),MATCH($V55,tf,0)),"") -> 0 | X55: =IFERROR(INDEX((tf),MATCH(U55,ctf,0)),"") -> Polos | Y55: =IFERROR(INDEX((tebal_lapisan),MATCH($X55,tf,0)),"") -> 0 | Z55: =INDEX((std_edg_P1_prt),MATCH($H55,Prt,0)) -> 0 | AA55: =INDEX((std_edg_P2_prt),MATCH($H55,Prt,0)) -> 0 | AB55: =INDEX((std_edg_L1_prt),MATCH($H55,Prt,0)) -> 0 | AC55: =INDEX((std_edg_L2_prt),MATCH($H55,Prt,0)) -> 0 | AD55: =IF($B55="alu",(INDEX((Fr),MATCH(Z55,cfr,0))),INDEX((te),MATCH(Z55,cte,0))) | AE55: =IF($B55="alu",(INDEX((Fr),MATCH(AA55,cfr,0))),INDEX((te),MATCH(AA55,cte,0))) | AF55: =IF($B55="alu",(INDEX((Fr),MATCH(AB55,cfr,0))),INDEX((te),MATCH(AB55,cte,0))) | AG55: =IF($B55="alu",(INDEX((Fr),MATCH(AC55,cfr,0))),INDEX((te),MATCH(AC55,cte,0))) | AH55: =IFERROR(INDEX((std_profil3_prt),MATCH($H55,Prt,0)),"") -> 0 | AI55: =IFERROR(INDEX((std_profil2_prt),MATCH($H55,Prt,0)),"") -> 0 | AJ55: =IFERROR(INDEX((std_profil_prt),MATCH($H55,Prt,0)),"") -> 0 | AK55: =IFERROR(INDEX((std_siku_prt),MATCH($H55,Prt,0)),"") -> 0 | AL55: =IFERROR(INDEX((std_screw_prt),MATCH($H55,Prt,0)),"") -> 0 | AN55: =IFERROR(INDEX((std_rel_prt),MATCH($H55,Prt,0)),"") -> 0 | AO55: =IFERROR(INDEX((std_engsel_prt),MATCH($H55,Prt,0)),"") -> 0 | AP55: =IFERROR(INDEX((std_anodizev_proses),MATCH($I55,pk,0)),"") | AQ55: =IFERROR(INDEX((std_anodizev2_proses),MATCH($I55,pk,0)),"") | AR55: =IFERROR(INDEX((std_anodizeh_proses),MATCH($I55,pk,0)),"") | AS55: =IFERROR(INDEX((std_anodize_per_ukuran),MATCH($H55,Prt,0)),"") -> 0 | AT55: =IF($AS55=edging7,L55,IF($AS55=edging8,L55,IF($AS55=edging9,L55,IF($AS55=Hand1,J54,IF($AS55=Hand2,L54,IF($AS55=hand3,"diisi manual",IF($AS55=hand4,"diisi manual",IF($AS55=hand5,"diisi manual",IF($AS55=mled02,J55,IF($AS55=mprf1,J55,IF($AS55=mlis1,J55,""))))))))))) | AU55: =IF($AS55="","",Q55*BR55) -> 0 | AW55: =CONCATENATE(VLOOKUP($V55,tabtf,2,0),VLOOKUP($X55,tabtf,2,0)) -> 33 | AX55: =IF($B55="alu",(CONCATENATE(VLOOKUP($AD55,tabfr,2,0),VLOOKUP($AE55,tabfr,2,0),VLOOKUP($AF55,tabfr,2,0),VLOOKUP($AG55,tabfr,2,0))),(CONCATENATE(VLOOKUP($AD55,tabte,2,0),VLOOKUP($AE55,tabte,2,0),VLOOKUP($AF55,tabte,2,0),VLOOKUP($AG55,tabte,2,0)))) -> 3333 | AY55: =IFERROR(VLOOKUP(AW55,descf,2,0),"") -> Polos | AZ55: =IF($B55="alu",(VLOOKUP(AX55,descfr,2,0)),(VLOOKUP(AX55,desce,2,0))) -> - | BA55: =IF($R55=0,CONCATENATE(0,")"," ",$H55," ",$J55),CONCATENATE(VLOOKUP(H55,tabprt,2,0),")",$H55,"_",AY55)) -> 483)HPL Lembaran_Polos | BB55: =IF($B55="…",CONCATENATE(0,$E55,")"," ",$H55),IF($B55="kc",CONCATENATE(VLOOKUP(H55,tabprt,2,0),")",$H55," ",$R55," ",$S55,"mm"," ","-"," "," ",";"," ",$AZ55," ",$I55),IF($B55="alu",CONCATENATE(VLOOKUP(H55,tabprt,2,0),")",$H55," ",$R55," ",$S55,"mm"," ","-"," "," ",";"," ",$AZ55," ",$I55),CONCATENATE(VLOOKUP(H55,tabprt,2,0),")",$H55," ",$R55," ",$S55,"mm"," ","-"," ",$AY55," ",";"," ",$AZ55," ",$I55)))) -> 483)HPL Lembaran WY_5216_D(V) 1mm - Polos ; - | BD55: =IFERROR(INDEX((std_minifix_prt),MATCH($H55,Prt,0)),"") -> 0 | BE55: =IFERROR(INDEX((std_dowel_prt),MATCH($H55,Prt,0)),"") -> 0 | BF55: =IFERROR(INDEX((std_j_sikufr_prt),MATCH($H55,Prt,0)),"")*Q55 -> 0 | BG55: =IFERROR(INDEX((std_j_screwjf_prt),MATCH($H55,Prt,0)),"")*Q55 -> 0 | BH55: =IF($AM55=0,0,1)*Q55 -> 0 | BI55: =IF($AO55=0,0,IF(J55<=fp,2,(ROUNDUP(J55/fp,0))))*Q55 -> 0 | BJ55: =IF($AN55=0,0,1)*Q55 -> 0 | BK55: =(($J55+tol_p)*$Q55)/1000 -> 3.06 | BL55: =(($L55+tol_p)*$Q55)/1000 -> 0.27 | BM55: =IF(R55=0,0,((2*((J55+tol_p)+(L55+tol_p))*Q55)/1000)) -> 6.66 | BN55: =((J55*L55)/1000000)*Q55 -> 0.2831 | BO55: =CONCATENATE(R55,"_",S55) -> WY_5216_D(V)_1 | BP55: =CONCATENATE(R55," ",S55," ",AY55) -> WY_5216_D(V) 1 Polos | BQ55: =((J55*L55*Q55)/(2400*1200))+10% -> 0.19829861 | BR55: =IFERROR(INDEX((std_jml_anodize_per_uk),MATCH($H55,Prt,0)),"") -> 0 | BS55: =IF($BD55=0,0,IF($L55<150,2,((ROUNDUP($L55/fm,0)*2))))*$Q55 -> 0 | BT55: =IF($BE55=0,0,IF($L55<150,2,((ROUNDUP($L55/fd,0)*2))))*$Q55 -> 0 | BU55: =BF55*$Q55 -> 0 | BV55: =BG55*$Q55 -> 0 | BW55: =+((J55*L55)*Q55)/1000000 -> 0.2831 | BX55: =+((J55*L55*N55)*Q55)/1000000000 -> 0.0002831 | BY55: =IFERROR(INDEX((tbl_edg),MATCH($AD55,Edg,0)),"") | BZ55: =IFERROR(INDEX((tbl_edg),MATCH($AE55,Edg,0)),"") | CA55: =IFERROR(INDEX((tbl_edg),MATCH($AF55,Edg,0)),"") | CB55: =IFERROR(INDEX((tbl_edg),MATCH($AG55,Edg,0)),"") | CC55: =IFERROR((J55-CA55-CB55),"") | CD55: =IFERROR((L55-BY55-BZ55),"") | CE55: =IFERROR((CONCATENATE(CC55," ","x"," ",CD55," ","x"," ",N55)),"") -> x x 1 | CF55: =IF(F55=1,(CONCATENATE(J55,";",L55,";",Q55,";",BP55,";",N55,";",H55,";","-1",";",AF55,";",CA55,";",AG55,";",CB55,";",AD55,";",BY55,";",AE55,";",BZ55))," ") -> 1490;95;2;WY_5216_D(V) 1 Polos;1;HPL Lembaran;-1; ;; ;; ;; ;
A57: =IFERROR(INDEX((ID),MATCH(H57,BARANG,0)),"…") -> … | B57: =IFERROR(INDEX((cprt),MATCH($H57,Prt,0)),"…") -> … | C57: Set_up | D57: =(INDEX(KS_Set,MATCH($H57,Set_prt,0))) -> [ks] | E57: A | F57: =IFERROR(INDEX((opt),MATCH($H57,Prt,0)),"") | G57: =IFERROR(INDEX((no_ref),MATCH($H57,ref,0)),"...") -> • | H57: End Panel Rangka nat Duco (rakit tukang) | J57: 2000 | K57: x | L57: 840 | M57: x | N57: 75 | O57: =CONCATENATE(J57," ",K57," ",L57," ",M57," ",N57) -> 2000 x 840 x 75 | Q57: 1 | AD57: =IF($B57="alu",(INDEX((Fr),MATCH(Z57,cfr,0))),INDEX((te),MATCH(Z57,cte,0))) | AE57: =IF($B57="alu",(INDEX((Fr),MATCH(AA57,cfr,0))),INDEX((te),MATCH(AA57,cte,0))) | AF57: =IF($B57="alu",(INDEX((Fr),MATCH(AB57,cfr,0))),INDEX((te),MATCH(AB57,cte,0))) | AG57: =IF($B57="alu",(INDEX((Fr),MATCH(AC57,cfr,0))),INDEX((te),MATCH(AC57,cte,0))) | AK57: =IFERROR(INDEX((std_siku_prt),MATCH($H57,Prt,0)),"") | AL57: =IFERROR(INDEX((std_screw_prt),MATCH($H57,Prt,0)),"") | AP57: =IFERROR(INDEX((std_anodizev_proses),MATCH($I57,pk,0)),"") | AQ57: =IFERROR(INDEX((std_anodizev2_proses),MATCH($I57,pk,0)),"") | AR57: =IFERROR(INDEX((std_anodizeh_proses),MATCH($I57,pk,0)),"") | AU57: =IF($AS57=0,"",Q57*BR57) | AX57: =IF($B57="alu",(CONCATENATE(VLOOKUP($AD57,tabfr,2,0),VLOOKUP($AE57,tabfr,2,0),VLOOKUP($AF57,tabfr,2,0),VLOOKUP($AG57,tabfr,2,0))),(CONCATENATE(VLOOKUP($AD57,tabte,2,0),VLOOKUP($AE57,tabte,2,0),VLOOKUP($AF57,tabte,2,0),VLOOKUP($AG57,tabte,2,0)))) -> 3333 | AY57: =IFERROR(VLOOKUP(AW57,descf,2,0),"") | AZ57: =IF($B57="alu",(VLOOKUP(AX57,descfr,2,0)),(VLOOKUP(AX57,desce,2,0))) -> - | BA57: =IF($R57=0,CONCATENATE(0,")"," ",$H57," ",$J57),CONCATENATE(VLOOKUP(H57,tabprt,2,0),")",$H57,"_",AY57)) -> 0) End Panel Rangka nat Duco (rakit tukang) 2000 | BB57: =IF($B57="…",CONCATENATE(0,$E57,")"," ",$H57),IF($B57="kc",CONCATENATE(VLOOKUP(H57,tabprt,2,0),")",$H57," ",$R57," ",$S57,"mm"," ","-"," "," ",";"," ",$AZ57," ",$I57),IF($B57="alu",CONCATENATE(VLOOKUP(H57,tabprt,2,0),")",$H57," ",$R57," ",$S57,"mm"," ","-"," "," ",";"," ",$AZ57," ",$I57),CONCATENATE(VLOOKUP(H57,tabprt,2,0),")",$H57," ",$R57," ",$S57,"mm"," ","-"," ",$AY57," ",";"," ",$AZ57," ",$I57)))) -> 0A) End Panel Rangka nat Duco (rakit tukang) | BD57: =IFERROR(INDEX((std_minifix_prt),MATCH($H57,Prt,0)),"") | BE57: =IFERROR(INDEX((std_dowel_prt),MATCH($H57,Prt,0)),"") | BH57: =IF($AM57=0,0,1)*Q57 -> 0 | BI57: =IF($AO57=0,0,IF(J57<=fp,2,(ROUNDUP(J57/fp,0))))*Q57 -> 0 | BJ57: =IF($AN57=0,0,1)*Q57 -> 0 | BK57: =(($J57+tol_p)*$Q57)/1000 -> 2.04 | BL57: =(($L57+tol_p)*$Q57)/1000 -> 0.88 | BM57: =IF(R57=0,0,((2*((J57+tol_p)+(L57+tol_p))*Q57)/1000)) -> 0 | BO57: =CONCATENATE(R57,"_",S57) -> _ | BP57: =CONCATENATE(R57," ",S57," ",AY57) | BQ57: =((J57*L57*Q57)/(2400*1200))+10% -> 0.68333333 | BR57: =IFERROR(INDEX((std_jml_anodize_per_uk),MATCH($H57,Prt,0)),"") | BS57: =IF($BD57=0,0,IF($L57<150,2,((ROUNDUP($L57/fm,0)*2))))*$Q57 -> 8 | BT57: =IF($BE57=0,0,IF($L57<150,2,((ROUNDUP($L57/fd,0)*2))))*$Q57 -> 10 | BW57: =+((J57*L57)*Q57)/1000000 -> 1.68 | BX57: =+((J57*L57*N57)*Q57)/1000000000 -> 0.126 | BY57: =IFERROR(INDEX((tbl_edg),MATCH($AD57,Edg,0)),"") | BZ57: =IFERROR(INDEX((tbl_edg),MATCH($AE57,Edg,0)),"") | CA57: =IFERROR(INDEX((tbl_edg),MATCH($AF57,Edg,0)),"") | CB57: =IFERROR(INDEX((tbl_edg),MATCH($AG57,Edg,0)),"") | CC57: =IFERROR((J57-CA57-CB57),"") | CD57: =IFERROR((L57-BY57-BZ57),"") | CE57: =IFERROR((CONCATENATE(CC57," ","x"," ",CD57," ","x"," ",N57)),"") -> x x 75 | CF57: =IF(F57=1,(CONCATENATE(J57,";",L57,";",Q57,";",BP57,";",N57,";",H57,";","-1",";",AF57,";",CA57,";",AG57,";",CB57,";",AD57,";",BY57,";",AE57,";",BZ57))," ")
A58: =IFERROR(INDEX((ID),MATCH(H58,BARANG,0)),"…") -> … | B58: =IFERROR(INDEX((cprt),MATCH($H58,Prt,0)),"…") -> pintu | C58: prt | D58: =IFERROR(INDEX((KS),MATCH($H58,Prt,0)),"") -> KS | E58: A | F58: =IFERROR(INDEX((opt),MATCH($H58,Prt,0)),"") -> 1 | G58: =IFERROR(INDEX((no_ref),MATCH($H58,ref,0)),"...") -> ... | H58: End Panel Rangka | J58: =+J57 -> 2000 | K58: x | L58: =+L57 -> 840 | M58: x | N58: =+(S58+W58+Y58) -> 18.5 | O58: =CONCATENATE(J58," ",K58," ",L58," ",M58," ",N58) -> 2000 x 840 x 18,5 | P58: 2 | Q58: =+P58*Q57 -> 2 | R58: =IFERROR(INDEX((std_bhn_prt),MATCH($H58,Prt,0)),"") -> Ply | S58: 18 | T58: 7 | U58: =INDEX((std_lapisan_dalam_prt),MATCH($H58,Prt,0)) -> 0 | V58: =IFERROR(INDEX((tf),MATCH(T58,ctf,0)),"") -> Duco | W58: =IFERROR(INDEX((tebal_lapisan),MATCH($V58,tf,0)),"") -> 0.5 | X58: =IFERROR(INDEX((tf),MATCH(U58,ctf,0)),"") -> Polos | Y58: =IFERROR(INDEX((tebal_lapisan),MATCH($X58,tf,0)),"") -> 0 | Z58: =INDEX((std_edg_P1_prt),MATCH($H58,Prt,0)) -> 0 | AA58: =INDEX((std_edg_P2_prt),MATCH($H58,Prt,0)) -> 0 | AB58: =INDEX((std_edg_L1_prt),MATCH($H58,Prt,0)) -> 0 | AC58: =INDEX((std_edg_L2_prt),MATCH($H58,Prt,0)) -> 0 | AD58: =IF($B58="alu",(INDEX((Fr),MATCH(Z58,cfr,0))),INDEX((te),MATCH(Z58,cte,0))) | AE58: =IF($B58="alu",(INDEX((Fr),MATCH(AA58,cfr,0))),INDEX((te),MATCH(AA58,cte,0))) | AF58: =IF($B58="alu",(INDEX((Fr),MATCH(AB58,cfr,0))),INDEX((te),MATCH(AB58,cte,0))) | AG58: =IF($B58="alu",(INDEX((Fr),MATCH(AC58,cfr,0))),INDEX((te),MATCH(AC58,cte,0))) | AH58: =IFERROR(INDEX((std_profil3_prt),MATCH($H58,Prt,0)),"") -> 0 | AI58: =IFERROR(INDEX((std_profil2_prt),MATCH($H58,Prt,0)),"") -> 0 | AJ58: =IFERROR(INDEX((std_profil_prt),MATCH($H58,Prt,0)),"") -> 0 | AK58: =IFERROR(INDEX((std_siku_prt),MATCH($H58,Prt,0)),"") -> 0 | AL58: =IFERROR(INDEX((std_screw_prt),MATCH($H58,Prt,0)),"") -> 0 | AN58: =IFERROR(INDEX((std_rel_prt),MATCH($H58,Prt,0)),"") -> 0 | AO58: =IFERROR(INDEX((std_engsel_prt),MATCH($H58,Prt,0)),"") -> 0 | AP58: =IFERROR(INDEX((std_anodizev_proses),MATCH($I58,pk,0)),"") | AQ58: =IFERROR(INDEX((std_anodizev2_proses),MATCH($I58,pk,0)),"") | AR58: =edging1 -> Edg_EAW_5216D1 | AS58: =IFERROR(INDEX((std_anodize_per_ukuran),MATCH($H58,Prt,0)),"") -> 0 | AT58: =IF($AS58=edging7,L58,IF($AS58=edging8,L58,IF($AS58=edging9,L58,IF($AS58=Hand1,J57,IF($AS58=Hand2,L57,IF($AS58=hand3,"diisi manual",IF($AS58=hand4,"diisi manual",IF($AS58=hand5,"diisi manual",IF($AS58=mled02,J58,IF($AS58=mprf1,J58,IF($AS58=mlis1,J58,""))))))))))) | AU58: =IF($AS58="","",Q58*BR58) -> 0 | AW58: =CONCATENATE(VLOOKUP($V58,tabtf,2,0),VLOOKUP($X58,tabtf,2,0)) -> 123 | AX58: =IF($B58="alu",(CONCATENATE(VLOOKUP($AD58,tabfr,2,0),VLOOKUP($AE58,tabfr,2,0),VLOOKUP($AF58,tabfr,2,0),VLOOKUP($AG58,tabfr,2,0))),(CONCATENATE(VLOOKUP($AD58,tabte,2,0),VLOOKUP($AE58,tabte,2,0),VLOOKUP($AF58,tabte,2,0),VLOOKUP($AG58,tabte,2,0)))) -> 3333 | AY58: =IFERROR(VLOOKUP(AW58,descf,2,0),"") -> Duco_1mk_Polos | AZ58: =IF($B58="alu",(VLOOKUP(AX58,descfr,2,0)),(VLOOKUP(AX58,desce,2,0))) -> - | BA58: =IF($R58=0,CONCATENATE(0,")"," ",$H58," ",$J58),CONCATENATE(VLOOKUP(H58,tabprt,2,0),")",$H58,"_",AY58)) -> 379)End Panel Rangka_Duco_1mk_Polos | BB58: =IF($B58="…",CONCATENATE(0,$E58,")"," ",$H58),IF($B58="kc",CONCATENATE(VLOOKUP(H58,tabprt,2,0),")",$H58," ",$R58," ",$S58,"mm"," ","-"," "," ",";"," ",$AZ58," ",$I58),IF($B58="alu",CONCATENATE(VLOOKUP(H58,tabprt,2,0),")",$H58," ",$R58," ",$S58,"mm"," ","-"," "," ",";"," ",$AZ58," ",$I58),CONCATENATE(VLOOKUP(H58,tabprt,2,0),")",$H58," ",$R58," ",$S58,"mm"," ","-"," ",$AY58," ",";"," ",$AZ58," ",$I58)))) -> 379)End Panel Rangka Ply 18mm - Duco_1mk_Polos ; - | BD58: =IFERROR(INDEX((std_minifix_prt),MATCH($H58,Prt,0)),"") -> 0 | BE58: =IFERROR(INDEX((std_dowel_prt),MATCH($H58,Prt,0)),"") -> 0 | BF58: =IFERROR(INDEX((std_j_sikufr_prt),MATCH($H58,Prt,0)),"")*Q58 -> 0 | BG58: =IFERROR(INDEX((std_j_screwjf_prt),MATCH($H58,Prt,0)),"")*Q58 -> 0 | BH58: =IF($AM58=0,0,1)*Q58 -> 0 | BI58: =IF($AO58=0,0,IF(J58<=fp,2,(ROUNDUP(J58/fp,0))))*Q58 -> 0 | BJ58: =IF($AN58=0,0,1)*Q58 -> 0 | BK58: =(($J58+tol_p)*$Q58)/1000 -> 4.08 | BL58: =(($L58+tol_p)*$Q58)/1000 -> 1.76 | BM58: =IF(R58=0,0,((2*((J58+tol_p)+(L58+tol_p))*Q58)/1000)) -> 11.68 | BN58: =((J58*L58)/1000000)*Q58 -> 3.36 | BO58: =CONCATENATE(R58,"_",S58) -> Ply_18 | BP58: =CONCATENATE(R58," ",S58," ",AY58) -> Ply 18 Duco_1mk_Polos | BQ58: =((J58*L58*Q58)/(2400*1200))+10% -> 1.2666667 | BR58: =IFERROR(INDEX((std_jml_anodize_per_uk),MATCH($H58,Prt,0)),"") -> 0 | BS58: =IF($BD58=0,0,IF($L58<150,2,((ROUNDUP($L58/fm,0)*2))))*$Q58 -> 0 | BT58: =IF($BE58=0,0,IF($L58<150,2,((ROUNDUP($L58/fd,0)*2))))*$Q58 -> 0 | BU58: =BF58*$Q58 -> 0 | BV58: =BG58*$Q58 -> 0 | BW58: =+((J58*L58)*Q58)/1000000 -> 3.36 | BX58: =+((J58*L58*N58)*Q58)/1000000000 -> 0.06216 | BY58: =IFERROR(INDEX((tbl_edg),MATCH($AD58,Edg,0)),"") | BZ58: =IFERROR(INDEX((tbl_edg),MATCH($AE58,Edg,0)),"") | CA58: =IFERROR(INDEX((tbl_edg),MATCH($AF58,Edg,0)),"") | CB58: =IFERROR(INDEX((tbl_edg),MATCH($AG58,Edg,0)),"") | CC58: =IFERROR((J58-CA58-CB58),"") | CD58: =IFERROR((L58-BY58-BZ58),"") | CE58: =IFERROR((CONCATENATE(CC58," ","x"," ",CD58," ","x"," ",N58)),"") -> x x 18,5 | CF58: =IF(F58=1,(CONCATENATE(J58,";",L58,";",Q58,";",BP58,";",N58,";",H58,";","-1",";",AF58,";",CA58,";",AG58,";",CB58,";",AD58,";",BY58,";",AE58,";",BZ58))," ") -> 2000;840;2;Ply 18 Duco_1mk_Polos;18,5;End Panel Rangka;-1; ;; ;; ;; ;
A59: =IFERROR(INDEX((ID),MATCH(H59,BARANG,0)),"…") -> … | B59: =IFERROR(INDEX((cprt),MATCH($H59,Prt,0)),"…") -> dc man | C59: prt | D59: =IFERROR(INDEX((KS),MATCH($H59,Prt,0)),"") -> ─ | E59: A | F59: =IFERROR(INDEX((opt),MATCH($H59,Prt,0)),"") -> 1 | G59: =IFERROR(INDEX((no_ref),MATCH($H59,ref,0)),"...") -> ... | H59: HPL Lembaran | J59: =+J57 -> 2000 | K59: x | L59: =+L57 -> 840 | M59: x | N59: =+(S59+W59+Y59) -> 1 | O59: =CONCATENATE(J59," ",K59," ",L59," ",M59," ",N59) -> 2000 x 840 x 1 | P59: 2 | Q59: =+P59*Q57 -> 2 | R59: =IFERROR(INDEX((std_bhn_prt),MATCH($H59,Prt,0)),"") -> WY_5216_D(V) | S59: =IFERROR(INDEX((std_Tbahan_prt),MATCH($H59,Prt,0)),"") -> 1 | T59: =INDEX((std_lapisan_luar_prt),MATCH($H59,Prt,0)) -> 0 | U59: =INDEX((std_lapisan_dalam_prt),MATCH($H59,Prt,0)) -> 0 | V59: =IFERROR(INDEX((tf),MATCH(T59,ctf,0)),"") -> Polos | W59: =IFERROR(INDEX((tebal_lapisan),MATCH($V59,tf,0)),"") -> 0 | X59: =IFERROR(INDEX((tf),MATCH(U59,ctf,0)),"") -> Polos | Y59: =IFERROR(INDEX((tebal_lapisan),MATCH($X59,tf,0)),"") -> 0 | Z59: =INDEX((std_edg_P1_prt),MATCH($H59,Prt,0)) -> 0 | AA59: =INDEX((std_edg_P2_prt),MATCH($H59,Prt,0)) -> 0 | AB59: =INDEX((std_edg_L1_prt),MATCH($H59,Prt,0)) -> 0 | AC59: =INDEX((std_edg_L2_prt),MATCH($H59,Prt,0)) -> 0 | AD59: =IF($B59="alu",(INDEX((Fr),MATCH(Z59,cfr,0))),INDEX((te),MATCH(Z59,cte,0))) | AE59: =IF($B59="alu",(INDEX((Fr),MATCH(AA59,cfr,0))),INDEX((te),MATCH(AA59,cte,0))) | AF59: =IF($B59="alu",(INDEX((Fr),MATCH(AB59,cfr,0))),INDEX((te),MATCH(AB59,cte,0))) | AG59: =IF($B59="alu",(INDEX((Fr),MATCH(AC59,cfr,0))),INDEX((te),MATCH(AC59,cte,0))) | AH59: =IFERROR(INDEX((std_profil3_prt),MATCH($H59,Prt,0)),"") -> 0 | AI59: =IFERROR(INDEX((std_profil2_prt),MATCH($H59,Prt,0)),"") -> 0 | AJ59: =IFERROR(INDEX((std_profil_prt),MATCH($H59,Prt,0)),"") -> 0 | AK59: =IFERROR(INDEX((std_siku_prt),MATCH($H59,Prt,0)),"") -> 0 | AL59: =IFERROR(INDEX((std_screw_prt),MATCH($H59,Prt,0)),"") -> 0 | AN59: =IFERROR(INDEX((std_rel_prt),MATCH($H59,Prt,0)),"") -> 0 | AO59: =IFERROR(INDEX((std_engsel_prt),MATCH($H59,Prt,0)),"") -> 0 | AP59: =IFERROR(INDEX((std_anodizev_proses),MATCH($I59,pk,0)),"") | AQ59: =IFERROR(INDEX((std_anodizev2_proses),MATCH($I59,pk,0)),"") | AR59: =IFERROR(INDEX((std_anodizeh_proses),MATCH($I59,pk,0)),"") | AS59: =IFERROR(INDEX((std_anodize_per_ukuran),MATCH($H59,Prt,0)),"") -> 0 | AT59: =IF($AS59=edging7,L59,IF($AS59=edging8,L59,IF($AS59=edging9,L59,IF($AS59=Hand1,J58,IF($AS59=Hand2,L58,IF($AS59=hand3,"diisi manual",IF($AS59=hand4,"diisi manual",IF($AS59=hand5,"diisi manual",IF($AS59=mled02,J59,IF($AS59=mprf1,J59,IF($AS59=mlis1,J59,""))))))))))) | AU59: =IF($AS59="","",Q59*BR59) -> 0 | AW59: =CONCATENATE(VLOOKUP($V59,tabtf,2,0),VLOOKUP($X59,tabtf,2,0)) -> 33 | AX59: =IF($B59="alu",(CONCATENATE(VLOOKUP($AD59,tabfr,2,0),VLOOKUP($AE59,tabfr,2,0),VLOOKUP($AF59,tabfr,2,0),VLOOKUP($AG59,tabfr,2,0))),(CONCATENATE(VLOOKUP($AD59,tabte,2,0),VLOOKUP($AE59,tabte,2,0),VLOOKUP($AF59,tabte,2,0),VLOOKUP($AG59,tabte,2,0)))) -> 3333 | AY59: =IFERROR(VLOOKUP(AW59,descf,2,0),"") -> Polos | AZ59: =IF($B59="alu",(VLOOKUP(AX59,descfr,2,0)),(VLOOKUP(AX59,desce,2,0))) -> - | BA59: =IF($R59=0,CONCATENATE(0,")"," ",$H59," ",$J59),CONCATENATE(VLOOKUP(H59,tabprt,2,0),")",$H59,"_",AY59)) -> 483)HPL Lembaran_Polos | BB59: =IF($B59="…",CONCATENATE(0,$E59,")"," ",$H59),IF($B59="kc",CONCATENATE(VLOOKUP(H59,tabprt,2,0),")",$H59," ",$R59," ",$S59,"mm"," ","-"," "," ",";"," ",$AZ59," ",$I59),IF($B59="alu",CONCATENATE(VLOOKUP(H59,tabprt,2,0),")",$H59," ",$R59," ",$S59,"mm"," ","-"," "," ",";"," ",$AZ59," ",$I59),CONCATENATE(VLOOKUP(H59,tabprt,2,0),")",$H59," ",$R59," ",$S59,"mm"," ","-"," ",$AY59," ",";"," ",$AZ59," ",$I59)))) -> 483)HPL Lembaran WY_5216_D(V) 1mm - Polos ; - | BD59: =IFERROR(INDEX((std_minifix_prt),MATCH($H59,Prt,0)),"") -> 0 | BE59: =IFERROR(INDEX((std_dowel_prt),MATCH($H59,Prt,0)),"") -> 0 | BF59: =IFERROR(INDEX((std_j_sikufr_prt),MATCH($H59,Prt,0)),"")*Q59 -> 0 | BG59: =IFERROR(INDEX((std_j_screwjf_prt),MATCH($H59,Prt,0)),"")*Q59 -> 0 | BH59: =IF($AM59=0,0,1)*Q59 -> 0 | BI59: =IF($AO59=0,0,IF(J59<=fp,2,(ROUNDUP(J59/fp,0))))*Q59 -> 0 | BJ59: =IF($AN59=0,0,1)*Q59 -> 0 | BK59: =(($J59+tol_p)*$Q59)/1000 -> 4.08 | BL59: =(($L59+tol_p)*$Q59)/1000 -> 1.76 | BM59: =IF(R59=0,0,((2*((J59+tol_p)+(L59+tol_p))*Q59)/1000)) -> 11.68 | BN59: =((J59*L59)/1000000)*Q59 -> 3.36 | BO59: =CONCATENATE(R59,"_",S59) -> WY_5216_D(V)_1 | BP59: =CONCATENATE(R59," ",S59," ",AY59) -> WY_5216_D(V) 1 Polos | BQ59: =((J59*L59*Q59)/(2400*1200))+10% -> 1.2666667 | BR59: =IFERROR(INDEX((std_jml_anodize_per_uk),MATCH($H59,Prt,0)),"") -> 0 | BS59: =IF($BD59=0,0,IF($L59<150,2,((ROUNDUP($L59/fm,0)*2))))*$Q59 -> 0 | BT59: =IF($BE59=0,0,IF($L59<150,2,((ROUNDUP($L59/fd,0)*2))))*$Q59 -> 0 | BU59: =BF59*$Q59 -> 0 | BV59: =BG59*$Q59 -> 0 | BW59: =+((J59*L59)*Q59)/1000000 -> 3.36 | BX59: =+((J59*L59*N59)*Q59)/1000000000 -> 0.00336 | BY59: =IFERROR(INDEX((tbl_edg),MATCH($AD59,Edg,0)),"") | BZ59: =IFERROR(INDEX((tbl_edg),MATCH($AE59,Edg,0)),"") | CA59: =IFERROR(INDEX((tbl_edg),MATCH($AF59,Edg,0)),"") | CB59: =IFERROR(INDEX((tbl_edg),MATCH($AG59,Edg,0)),"") | CC59: =IFERROR((J59-CA59-CB59),"") | CD59: =IFERROR((L59-BY59-BZ59),"") | CE59: =IFERROR((CONCATENATE(CC59," ","x"," ",CD59," ","x"," ",N59)),"") -> x x 1 | CF59: =IF(F59=1,(CONCATENATE(J59,";",L59,";",Q59,";",BP59,";",N59,";",H59,";","-1",";",AF59,";",CA59,";",AG59,";",CB59,";",AD59,";",BY59,";",AE59,";",BZ59))," ") -> 2000;840;2;WY_5216_D(V) 1 Polos;1;HPL Lembaran;-1; ;; ;; ;; ;
A61: =IFERROR(INDEX((ID),MATCH(H61,BARANG,0)),"…") -> … | B61: =IFERROR(INDEX((cprt),MATCH($H61,Prt,0)),"…") -> … | C61: Set_up | D61: =(INDEX(KS_Set,MATCH($H61,Set_prt,0))) -> [ks] | E61: A | F61: =IFERROR(INDEX((opt),MATCH($H61,Prt,0)),"") | G61: =IFERROR(INDEX((no_ref),MATCH($H61,ref,0)),"...") -> • | H61: End Panel Rangka nat Duco (rakit tukang) | J61: 1490 | K61: x | L61: 840 | M61: x | N61: 75 | O61: =CONCATENATE(J61," ",K61," ",L61," ",M61," ",N61) -> 1490 x 840 x 75 | Q61: 1 | AD61: =IF($B61="alu",(INDEX((Fr),MATCH(Z61,cfr,0))),INDEX((te),MATCH(Z61,cte,0))) | AE61: =IF($B61="alu",(INDEX((Fr),MATCH(AA61,cfr,0))),INDEX((te),MATCH(AA61,cte,0))) | AF61: =IF($B61="alu",(INDEX((Fr),MATCH(AB61,cfr,0))),INDEX((te),MATCH(AB61,cte,0))) | AG61: =IF($B61="alu",(INDEX((Fr),MATCH(AC61,cfr,0))),INDEX((te),MATCH(AC61,cte,0))) | AK61: =IFERROR(INDEX((std_siku_prt),MATCH($H61,Prt,0)),"") | AL61: =IFERROR(INDEX((std_screw_prt),MATCH($H61,Prt,0)),"") | AP61: =IFERROR(INDEX((std_anodizev_proses),MATCH($I61,pk,0)),"") | AQ61: =IFERROR(INDEX((std_anodizev2_proses),MATCH($I61,pk,0)),"") | AR61: =IFERROR(INDEX((std_anodizeh_proses),MATCH($I61,pk,0)),"") | AU61: =IF($AS61=0,"",Q61*BR61) | AX61: =IF($B61="alu",(CONCATENATE(VLOOKUP($AD61,tabfr,2,0),VLOOKUP($AE61,tabfr,2,0),VLOOKUP($AF61,tabfr,2,0),VLOOKUP($AG61,tabfr,2,0))),(CONCATENATE(VLOOKUP($AD61,tabte,2,0),VLOOKUP($AE61,tabte,2,0),VLOOKUP($AF61,tabte,2,0),VLOOKUP($AG61,tabte,2,0)))) -> 3333 | AY61: =IFERROR(VLOOKUP(AW61,descf,2,0),"") | AZ61: =IF($B61="alu",(VLOOKUP(AX61,descfr,2,0)),(VLOOKUP(AX61,desce,2,0))) -> - | BA61: =IF($R61=0,CONCATENATE(0,")"," ",$H61," ",$J61),CONCATENATE(VLOOKUP(H61,tabprt,2,0),")",$H61,"_",AY61)) -> 0) End Panel Rangka nat Duco (rakit tukang) 1490 | BB61: =IF($B61="…",CONCATENATE(0,$E61,")"," ",$H61),IF($B61="kc",CONCATENATE(VLOOKUP(H61,tabprt,2,0),")",$H61," ",$R61," ",$S61,"mm"," ","-"," "," ",";"," ",$AZ61," ",$I61),IF($B61="alu",CONCATENATE(VLOOKUP(H61,tabprt,2,0),")",$H61," ",$R61," ",$S61,"mm"," ","-"," "," ",";"," ",$AZ61," ",$I61),CONCATENATE(VLOOKUP(H61,tabprt,2,0),")",$H61," ",$R61," ",$S61,"mm"," ","-"," ",$AY61," ",";"," ",$AZ61," ",$I61)))) -> 0A) End Panel Rangka nat Duco (rakit tukang) | BD61: =IFERROR(INDEX((std_minifix_prt),MATCH($H61,Prt,0)),"") | BE61: =IFERROR(INDEX((std_dowel_prt),MATCH($H61,Prt,0)),"") | BH61: =IF($AM61=0,0,1)*Q61 -> 0 | BI61: =IF($AO61=0,0,IF(J61<=fp,2,(ROUNDUP(J61/fp,0))))*Q61 -> 0 | BJ61: =IF($AN61=0,0,1)*Q61 -> 0 | BK61: =(($J61+tol_p)*$Q61)/1000 -> 1.53 | BL61: =(($L61+tol_p)*$Q61)/1000 -> 0.88 | BM61: =IF(R61=0,0,((2*((J61+tol_p)+(L61+tol_p))*Q61)/1000)) -> 0 | BO61: =CONCATENATE(R61,"_",S61) -> _ | BP61: =CONCATENATE(R61," ",S61," ",AY61) | BQ61: =((J61*L61*Q61)/(2400*1200))+10% -> 0.53458333 | BR61: =IFERROR(INDEX((std_jml_anodize_per_uk),MATCH($H61,Prt,0)),"") | BS61: =IF($BD61=0,0,IF($L61<150,2,((ROUNDUP($L61/fm,0)*2))))*$Q61 -> 8 | BT61: =IF($BE61=0,0,IF($L61<150,2,((ROUNDUP($L61/fd,0)*2))))*$Q61 -> 10 | BW61: =+((J61*L61)*Q61)/1000000 -> 1.2516 | BX61: =+((J61*L61*N61)*Q61)/1000000000 -> 0.09387 | BY61: =IFERROR(INDEX((tbl_edg),MATCH($AD61,Edg,0)),"") | BZ61: =IFERROR(INDEX((tbl_edg),MATCH($AE61,Edg,0)),"") | CA61: =IFERROR(INDEX((tbl_edg),MATCH($AF61,Edg,0)),"") | CB61: =IFERROR(INDEX((tbl_edg),MATCH($AG61,Edg,0)),"") | CC61: =IFERROR((J61-CA61-CB61),"") | CD61: =IFERROR((L61-BY61-BZ61),"") | CE61: =IFERROR((CONCATENATE(CC61," ","x"," ",CD61," ","x"," ",N61)),"") -> x x 75 | CF61: =IF(F61=1,(CONCATENATE(J61,";",L61,";",Q61,";",BP61,";",N61,";",H61,";","-1",";",AF61,";",CA61,";",AG61,";",CB61,";",AD61,";",BY61,";",AE61,";",BZ61))," ")
